id,title,type,release_date,spotify_id,album_id,track_no
1,The sky of early spring,0,2018-01-08,NULL,NULL,NULL
2,Ano Hi Mita Sora,0,2018-01-15,NULL,NULL,NULL
3,The sky of early spring,4,2018-01-19,NULL,NULL,NULL
4,Yumeiro Asterisk,0,2018-01-29,2oSCs755U2KBgoY9lrt1en,2,15
5,Melty Land Nightmare,1,2018-04-30,NULL,NULL,NULL
6,Akanbe,1,2018-05-03,NULL,NULL,NULL
7,Me and You and Everyone!,0,2018-05-15,NULL,NULL,NULL
8,Ano Hi Mita Sora,4,2018-06-01,NULL,NULL,NULL
9,Lion,1,2018-06-08,NULL,NULL,NULL
10,OKAERI,0,2018-07-08,1KAPfqbQYXtL3odJbi5OYX,2,14
11,Kimi to Nagameru Natsu no Hana,0,2018-07-21,6JYiu8ZQ9WxA0ZNkV59AUt,NULL,NULL
12,Taiyokei Disco,0,2018-07-28,NULL,NULL,NULL
13,Melancholic,1,2018-08-06,NULL,NULL,NULL
14,Blue Bird,1,2018-08-13,NULL,NULL,NULL
15,Cendrillon,1,2018-08-14,NULL,NULL,NULL
16,Sugar Song to Bitter Step,1,2018-08-21,NULL,NULL,NULL
17,The Moon swimming in the sea,1,2018-09-03,NULL,NULL,NULL
18,The Boy and Magic Robot,1,2018-09-20,NULL,NULL,NULL
19,Genesis of Aquarion,1,2018-09-24,NULL,NULL,NULL
20,"rain stops, good-bye",1,2018-09-30,NULL,NULL,NULL
21,Ayano's Theory of Happiness,1,2018-10-01,NULL,NULL,NULL
22,Wistful Record,0,2018-10-04,2L4iHhnKqa2up7J9sK6tnZ,2,8
23,PLATONIC GIRL,1,2018-10-08,NULL,NULL,NULL
24,Wistful Record,1,2018-10-09,NULL,NULL,NULL
25,Happy Halloween,1,2018-10-21,NULL,NULL,NULL
26,Brain Fluid Explosion Girl,1,2018-10-25,NULL,NULL,NULL
27,Humorous Dream of Mrs. Pumpkin,1,2018-10-31,NULL,NULL,NULL
28,Melty Land Nightmare,1,2018-11-10,NULL,NULL,NULL
29,Wandering Days,0,2018-11-12,4q4Uzzu5VOOUFLjDDLsruS,2,12
30,Wistful Record,1,2018-11-13,NULL,NULL,NULL
31,comet,0,2018-11-22,5ZfIWQXhZdmxRemkyUUqfN,NULL,NULL
32,Geki! Teikoku Kagekidan,1,2018-11-23,NULL,NULL,NULL
33,"Ah, It's a Wonderful Cat Life",1,2018-11-30,NULL,NULL,NULL
34,Sonna Ame no Hi ni wa,0,2018-12-12,5DdDt4TKlt4MQLttagznMM,2,10
35,Umi yori fukai sora no shita,0,2018-12-18,63pZZ3mXw7OVrVAtWo2p7S,2,9
36,"Please, darling",1,2018-12-24,NULL,NULL,NULL
37,melty world,1,2018-12-24,NULL,NULL,NULL
38,Shinsekai,1,2018-12-25,NULL,NULL,NULL
39,Love! Snow! Really Magic,1,2018-12-25,NULL,NULL,NULL
40,BRING IT ON,1,2018-12-26,NULL,NULL,NULL
41,Creating world,0,2018-12-28,4McpnduCLAkgKucCUZ6vXd,NULL,NULL
42,Alien Alien,1,2019-01-02,NULL,NULL,NULL
43,Dream☆Story,0,2019-01-08,5cNX1K6xEkEvA66SXGSoJP,2,1
44,Blend Caravan,0,2019-01-11,5DtV2QzzsNSl4BCWRHvaFH,2,7
45,Heartbeat,0,2019-01-14,40lqvLpMh6iLArDrGe5FZK,4,2
46,Real Melancholy,0,2019-01-31,4oNWFdj8TaNE38mllY67GH,NULL,NULL
47,Shine!!,1,2019-02-13,NULL,NULL,NULL
48,Valentine Kiss,1,2019-02-14,NULL,NULL,NULL
49,"Please, darling",1,2019-02-14,NULL,NULL,NULL
50,Milk Tea,1,2019-02-15,NULL,NULL,NULL
51,Kotobazake,0,2019-02-21,3WzrIoCt3Aytl5hKE2uQ6C,2,3
52,Pre-Parade,1,2019-02-25,NULL,1,0
53,Sekai Wa Koi Ni Ochiteiru,1,2019-02-25,4HlUQyhMDDG6Y7Uu4p5rYt,1,1
54,Secret Base ~Kimi ga Kureta Mono~,1,2019-02-25,5ezf020ZofKmCYo3d6OIdF,1,6
55,Felicia,0,2019-02-25,42oyZkYiXbA9E8mIvZCrCS,NULL,NULL
56,My name is elite☆,0,2019-02-26,NULL,NULL,NULL
57,I can't control myself,3,2019-02-28,7MDJb5sAGH2r34Az8szO1k,NULL,NULL
58,I believe ~Umi no Soko kara~,1,2019-03-10,NULL,NULL,NULL
59,Sweet Magic,1,2019-03-14,NULL,NULL,NULL
60,DONUT HOLE,1,2019-03-17,NULL,NULL,NULL
61,Her Trail on the Celestial Sphere,0,2019-03-22,0wTs0OV88H5YZrFX6zN4QJ,NULL,NULL
62,Hikari no Machi,0,2019-03-25,2G5kLObG2RrVG5NUlN2Qqz,NULL,NULL
63,Heroic Heroine,0,2019-03-27,61PoYqknIL31ZCRJtYQq3k,2,2
64,Hoshi no furu ni wa,0,2019-03-27,5KgQ0OyKOdMPVRIIHPOAyW,2,4
65,Saenai Jibun ni Love Song o,0,2019-03-27,3sf7PFQ6ZTVgZVXrefTcMF,2,5
66,IMAGE source,0,2019-03-27,69e0snJrn4F3IvAS8qy5vY,2,6
67,Metro Night,0,2019-03-27,30gwCaYzcU3jhsmSYDan4U,2,11
68,"I love you so much, I think I’m going to cry",0,2019-03-27,56uLtWhFjILLmGIufmcv50,2,13
69,Starry Regrets,0,2019-03-28,6jyBRo78hAwE82UjSIXMYG,NULL,NULL
70,Snow Song Show,1,2019-04-10,NULL,NULL,NULL
71,Sweet Horror Princess,0,2019-04-12,NULL,NULL,NULL
72,Viva Happy,1,2019-04-22,NULL,NULL,NULL
73,FICTION,0,2019-04-28,NULL,NULL,NULL
74,BOYS & GIRLS 3.0,0,2019-04-28,NULL,NULL,NULL
75,Inochi,3,2019-04-30,54vgHPOH9dvQJQ1VDDll5C,NULL,NULL
76,Fake.Fake.Fake,3,2019-04-30,2Ry3Dh3961tMDiEztJF2vg,NULL,NULL
77,Wholeheartedly,1,2019-05-05,NULL,NULL,NULL
78,"Goodbye, Ms. Floral Thief",1,2019-05-05,NULL,NULL,NULL
79,HAPPY BIRTHDAY,1,2019-05-13,NULL,NULL,NULL
80,Shit Days,0,2019-05-31,2wZFu4CW38XrzRli6Yby95,NULL,NULL
81,DANZEN! Futari wa Pretty Cure,1,2019-06-09,NULL,NULL,NULL
82,Ai Kotoba,1,2019-06-24,NULL,NULL,NULL
83,Kataomoi,1,2019-06-25,NULL,NULL,NULL
84,Castle&Dragon Theme Song,3,2019-06-29,NULL,NULL,NULL
85,Sayonara Hero,0,2019-06-30,1ZO9WzyITWRmeUg0nZERCr,NULL,NULL
86,from A to Z,0,2019-07-01,6ATf4wXi52Cewd0BGpkmTW,NULL,NULL
87,Moffu Moffu DE Yoinoja yo,1,2019-07-03,NULL,NULL,NULL
88,Love Song,1,2019-07-08,NULL,NULL,NULL
89,Creating World (Jun Kuroda Remix),2,2019-07-17,NULL,NULL,NULL
90,Remote Controller,1,2019-07-19,NULL,NULL,NULL
91,Gift,1,2019-07-20,NULL,NULL,NULL
92,Monday's melancholy,1,2019-07-20,NULL,NULL,NULL
93,Summer Color Festival!!!,0,2019-07-20,NULL,NULL,NULL
94,Ai Kotoba III,1,2019-07-25,NULL,NULL,NULL
95,Manjushage,1,2019-07-26,NULL,NULL,NULL
96,ERROR,0,2019-07-31,1o1XdW6wzRwDo5FrdTCt9D,NULL,NULL
97,Fansa,1,2019-08-03,NULL,NULL,NULL
98,Brand New Life,0,2019-08-12,6HR1VZNzQyAFZVsA3E8stw,3,1
99,Ne-e...,0,2019-08-12,0hDxNxlhrZTcQHYzG70qqS,3,2
100,April,0,2019-08-12,3yRixKQfFGxn6aFar1m7Zb,3,5
101,March Bossa,0,2019-08-12,4Z8iEw2tDAtHF9Ql4iCPjH,3,6
102,FAMS,0,2019-08-12,6vEOKHxnWEJkQC8FG00VuH,3,7
103,Petit Swing,0,2019-08-12,2Jy60G7IsLazgWYIUSJA68,3,8
104,TOKIWA,0,2019-08-12,0qRHrT4rIM9LThXe8fRksW,3,9
105,Sweeping,0,2019-08-12,4X5DGi4qZsDoa4EseilqnP,3,10
106,Shiny Smily Story,1,2019-08-16,NULL,NULL,NULL
107,Onegai Muscle,1,2019-08-19,NULL,NULL,NULL
108,Summer Festival,1,2019-08-23,NULL,NULL,NULL
109,Kimino Shiranai Monogatari,1,2019-08-31,NULL,NULL,NULL
110,Summer Festival,1,2019-09-06,NULL,NULL,NULL
111,Stickybug,1,2019-09-11,NULL,NULL,NULL
112,Akari ga yattekita zo,1,2019-09-12,NULL,NULL,NULL
113,Shiny Smily Story,0,2019-09-16,7xYhi9aBdlNGM7SXSeXc6n,NULL,NULL
114,Onegai Muscle,1,2019-09-16,NULL,NULL,NULL
115,Sweet Magic,1,2019-09-19,NULL,NULL,NULL
116,Comet Honeymoon,1,2019-09-28,NULL,NULL,NULL
117,Sobaniite,1,2019-10-04,NULL,NULL,NULL
118,Fure Fure LOVE,0,2019-10-06,1cMLHIxc8P2RBP7gf0Peva,9,5
119,Hurray Hurray LOVE,0,2019-10-06,2z6fuY0LouVifOjts7lchb,NULL,NULL
120,Hana Dokino Sora (original ver.),0,2019-10-06,NULL,NULL,NULL
121,Marigold,1,2019-10-06,NULL,NULL,NULL
122,Scatman,1,2019-10-12,NULL,NULL,NULL
123,Akatsuki no Kuruma,1,2019-10-25,NULL,NULL,NULL
124,"LiE,LiE,LiE,LiE",0,2019-10-27,5ZaoY79bRYhD9VnYsOMZQn,7,3
125,fragile,1,2019-10-29,3rkc9WlCs3xVxOdRqOVgQF,6,4
126,Akari ga yattekita zo,1,2019-10-29,NULL,NULL,NULL
127,SEKAI HA MEGURI YAGATE KIMI NO MONO NI NARU,0,2019-10-30,3cb8c1t83B5mrLTmQwCWHr,7,7
128,NIZI WO KAKENUKETE,0,2019-11-02,4B6ogIdgHcXbxWskocpHZY,7,5
129,KOINO UTA,1,2019-11-02,1v5t5eh6CtP8gAP9bfP7Tl,6,9
130,FRONTIER LOCUS,0,2019-11-02,7zZdlMTqDZUweYiGACSGeq,7,11
131,Kaeritakunatta yo,1,2019-11-02,NULL,6,Bonus
132,CHISANA KOKORO GA KIMETA KOTO,0,2019-11-05,2RVhiR7waMQBjYQ61HH4AP,7,6
133,Atashi Ponkotsu Android,1,2019-11-07,NULL,NULL,NULL
134,Kakusei,1,2019-11-11,NULL,NULL,NULL
135,without U,0,2019-11-12,6zkl4l1o70KDjF7Rx4iYVp,7,1
136,KOTONOHA,0,2019-11-12,6HZxVFt2e4h2XSuIn0R96f,7,2
137,ZIKO ALLERGIES,0,2019-11-12,2N2FMAOeASnY2tIfWhTmi0,7,4
138,Midnight Song,0,2019-11-12,4aFxx9EU0oU53fUcFebGu9,7,8
139,Reflection,0,2019-11-12,4BicxV5zlcOATkdrdYnpJQ,7,9
140,NONBIRITO、,0,2019-11-12,03Tu5QJGL8bHcRNtYeRWKj,7,10
141,REAL MELANCHOLY - TEMPLINE Remix,2,2019-11-12,4eSgqKapDmj0ZjzKrW4PRn,7,12
142,Starry Regrets - Batsu Remix,2,2019-11-12,0PZUbGo6PwVfV2f4XUcj4y,7,13
143,Say!Fanfare!,0,2019-11-16,4lGK1mI6TxMHMH7BV3Ds0X,NULL,NULL
144,Souzetsu Gekkou,1,2019-11-27,NULL,NULL,NULL
145,Vital-,0,2019-11-30,NULL,NULL,NULL
146,Hakujitsu,1,2019-12-01,NULL,NULL,NULL
147,Love Trial,1,2019-12-07,NULL,NULL,NULL
148,Somehow,1,2019-12-13,NULL,NULL,NULL
149,Raisanka,1,2019-12-14,NULL,NULL,NULL
150,FRIDAY THE 13TH!,1,2019-12-15,NULL,NULL,NULL
151,shounen shoujo moratorium survive,1,2019-12-15,NULL,NULL,NULL
152,FINE!!,0,2019-12-19,4RKKZ2NYhHmH4fGoTJicQo,8,1
153,Call Our Name,0,2019-12-19,4N7T0VTpF7rpe8ummputn2,8,2
154,Play the Game,0,2019-12-19,3Meh2cyBYiZbNSZjpodkld,8,3
155,Clockwork Clown,1,2019-12-22,NULL,NULL,NULL
156,blessing,1,2019-12-24,NULL,NULL,NULL
157,Christmas Song,1,2019-12-24,NULL,NULL,NULL
158,Nekoze Punch!!,0,2019-12-25,NULL,NULL,NULL
159,Lonely Christmas,0,2019-12-25,NULL,NULL,NULL
160,Jingle Bells,1,2019-12-26,NULL,NULL,NULL
161,Kowareyasuki,1,2019-12-29,NULL,NULL,NULL
162,Death Should Not Have Taken Thee!,1,2019-12-30,NULL,NULL,NULL
163,Matsuriyo Emaki,1,2020-01-02,NULL,NULL,NULL
164,Kusozako Kaisen Sotsugyo! Song,0,2020-01-05,2DcmCoqslijnx5eqSCZFcK,26,1
165,Bitter Choco Decoration,1,2020-01-06,NULL,NULL,NULL
166,Hungry Song,0,2020-01-11,1yeeBEg1ZUcB18SNmhlqIH,26,2
167,Heartbeat (tamu Remix),2,2020-01-14,6WMu3zjCERRm2RnSQNG0au,5,2
168,Gabriel DropKick,1,2020-01-14,NULL,NULL,NULL
169,Watame Lullaby,0,2020-01-16,4RrGoQ83wUbTFIYqINkeiL,26,3
170,Watame Rap,0,2020-01-18,0NQ5gT7OMaKX182p7RTzHY,26,4
171,Fuyuzora Precious,1,2020-01-21,NULL,NULL,NULL
172,Yumemiru Sora He,0,2020-01-24,2OUfahnih3uBdqRCIxjV1m,NULL,NULL
173,Kirameki Rider,0,2020-01-24,3MdKwQmM7jdZapv4hCuqZ0,NULL,NULL
174,Star Sonar,0,2020-01-24,NULL,NULL,NULL
175,I Want to Become a Princess~!,1,2020-01-24,NULL,NULL,NULL
176,Alien Alien,1,2020-01-26,NULL,NULL,NULL
177,ECHO,1,2020-01-29,NULL,NULL,NULL
178,Venom,1,2020-02-02,NULL,NULL,NULL
179,Fuyu Biyori,1,2020-02-04,NULL,NULL,NULL
180,Wonderland,0,2020-02-06,50UFxsU1tKy3vjYAshSUJB,9,2
181,Chocolate Pandemic,0,2020-02-14,NULL,NULL,NULL
182,Valentine Kiss,1,2020-02-14,NULL,NULL,NULL
183,Insensitive Boyfriend,1,2020-02-14,NULL,NULL,NULL
184,Valentine Kiss,1,2020-02-14,NULL,NULL,NULL
185,Star Sonar,1,2020-02-16,NULL,NULL,NULL
186,Hitorinbo Envy,1,2020-02-26,NULL,NULL,NULL
187,Setsunatheque Code,0,2020-02-27,1wiozX7rNFdZzqk8YNjhYL,9,4
188,Ojamajo Carnival!!,1,2020-02-28,NULL,NULL,NULL
189,U.N. Owen Was Her?,1,2020-02-28,NULL,NULL,NULL
190,At God's Mercy,1,2020-02-29,NULL,NULL,NULL
191,Equation of Love,0,2020-03-04,32IJRC9Hb2XsZDYOKcrY9r,9,1
192,Sayonara Blossom,0,2020-03-04,6VpVGAuWisk00Ts1r6qT54,9,3
193,Yukkuri Hashireba Kaze wa Fuku,0,2020-03-04,4YOrvzTBPcsRJAxoCPjIPQ,9,6
194,Chikyu no uta,1,2020-03-08,NULL,NULL,NULL
195,Discommunication Alien,1,2020-03-09,NULL,NULL,NULL
196,TEE TEE Song,0,2020-03-15,7nDWYRPydmYbiNPZc744cv,26,5
197,mirror,0,2020-03-15,2tgBKg7ITxhiaGh0nrINdT,NULL,NULL
198,Pinky Promise,1,2020-03-15,NULL,NULL,NULL
199,Sajou no Roukaku,1,2020-03-16,NULL,NULL,NULL
200,Kabutomushi,1,2020-03-16,NULL,NULL,NULL
201,Kurogane no Moribito,0,2020-03-20,3IfuCvFhv3usch7O8fpPqA,NULL,NULL
202,Hibana,1,2020-03-21,NULL,NULL,NULL
203,NEXT COLOR PLANET,0,2020-03-22,4WctTheA4bZL1npu0ciOse,NULL,NULL
204,Vermont Kiss,2,2020-03-23,NULL,NULL,NULL
205,Sakurakaze,0,2020-03-27,0iyq2BWl9zXQOM3e03TiDW,NULL,NULL
206,Saikin Shisei wo Kanjimasu,0,2020-03-28,NULL,NULL,NULL
207,Crazy ∞ nighT,1,2020-03-30,NULL,NULL,NULL
208,Eternity Bright,0,2020-03-31,6gOhnyKi26gqY0JV6jWNM9,NULL,NULL
209,Eternity Bright - LADY'S ONLY Remix,0,2020-03-31,4hvjeHbDA1sPGZOGZP3OoG,NULL,NULL
210,Angelfish,1,2020-03-31,NULL,NULL,NULL
211,Donten Hitsuji,0,2020-04-01,13SCoT26aUQKYe98cRria1,26,7
212,Kimagure Romantic,1,2020-04-02,NULL,NULL,NULL
213,Hikari,0,2020-04-15,0tNoF9SScfaQ4mT0zNXYSq,NULL,NULL
214,Hikari - TEMPLINE Remix,3,2020-04-15,1t2oDujs0LawZVlNXybAyP,NULL,NULL
215,Preserved Roses,1,2020-04-18,NULL,NULL,NULL
216,"DingTalk, Begging for Mercy Online",1,2020-04-21,NULL,NULL,NULL
217,Astronomia,1,2020-04-22,NULL,NULL,NULL
218,Country Roads,1,2020-04-26,NULL,NULL,NULL
219,Neko Naraba Ikeru,0,2020-04-30,3TcJBaZsQcoZ5MXH96SjIW,NULL,NULL
220,Neko Naraba Ikeru (Eimenkensetsu Kabusikigaisya Renovation),2,2020-04-30,68pfStMdk7q0YULKpXXtU2,NULL,NULL
221,Cosmology of NyanNyan,1,2020-05-01,NULL,NULL,NULL
222,Song of Sketch,1,2020-05-04,NULL,NULL,NULL
223,mawaru sekai to tsumino kajitsu,0,2020-05-05,4GKPRRzdmTmyVqJWk8VrBF,10,1
224,Shachiku no Uta,0,2020-05-09,NULL,NULL,NULL
225,Aozora no Symphony,0,2020-05-15,NULL,NULL,NULL
226,DADDY ! DADDY ! DO !,1,2020-05-15,NULL,NULL,NULL
227,Creating world 2020ver.,4,2020-05-16,NULL,NULL,NULL
228,without U,2,2020-05-24,NULL,11,2
229,My name is elite☆,2,2020-05-24,NULL,11,18
230,Kotobazake,2,2020-05-24,NULL,11,28
231,Saga Jihen,1,2020-05-27,NULL,NULL,NULL
232,Spade,0,2020-05-30,NULL,NULL,NULL
233,Intersection,0,2020-05-31,71zJFRKEZihlMS183zxTSL,NULL,NULL
234,Intersection - TOMOYU funkot remix,0,2020-05-31,6Jy0Rhgiq8ZUL3xIUq9OxM,NULL,NULL
235,Doraemon no Uta,1,2020-06-01,NULL,NULL,NULL
236,Leia,1,2020-06-09,NULL,NULL,NULL
237,StaRt,1,2020-06-14,NULL,NULL,NULL
238,Colorful World,1,2020-06-14,NULL,NULL,NULL
239,Take me to Heaven,0,2020-06-15,2cI0eoYWczznTHBBD9mUDV,NULL,NULL
240,Take me to Heaven - haretokidoki Remix,0,2020-06-20,2the1JGcW6IibJgFFLd5v4,NULL,NULL
241,Kimi to Nagameru Natsu no Hana,4,2020-06-20,NULL,NULL,NULL
242,Chinese Wedding,1,2020-06-21,NULL,NULL,NULL
243,Hoihoi☆genso holoism,2,2020-06-26,7t65EWHsVpVkAZb7oPExCV,12,2
244,Captain Marine no ketsu anchor,2,2020-06-26,0vj8Ee5D7HKWIDBQnavw27,12,3
245,Shiawase usagi PekoMikoMarine,2,2020-06-26,5l2VTJVBHjq0hfX07DZXlg,12,5
246,Earphones romance,2,2020-06-26,0cKMvNJhU6SnTIXPnnkxw9,12,7
247,Over the Border,2,2020-06-26,2h48Wre3D2sFx1Dln4aWm8,12,10
248,"Help me, ERINNNNNN!! #Gensokyo holoism ver.",2,2020-06-26,4gZ1kx9EwJ8DF3zFfgmRhm,12,12
249,"Boku no Yume, Mechakuso Mugen Waki",1,2020-06-27,NULL,NULL,NULL
250,Re:Hello world,0,2020-06-28,00RXJeL97djOpsAp0AhFEi,NULL,NULL
251,Champagne day,1,2020-06-28,NULL,NULL,NULL
252,SHALLYS,0,2020-06-29,1xu1dBZR648ZHJeZbQfrYH,NULL,NULL
253,Alice in N.Y.,1,2020-07-07,NULL,NULL,NULL
254,Bocca della Verità,1,2020-07-07,NULL,NULL,NULL
255,Aoi Yume,0,2020-07-10,5Y9PqecIPSHHFxcCnIahVj,NULL,NULL
256,Aoi Yume,2,2020-07-10,6KHxshW8nIVowzB5Y8fkgM,NULL,NULL
257,aimai chocolate,0,2020-07-12,7nA5ImxyE9n02LutkzKwEG,NULL,NULL
258,Alive Factor,1,2020-07-17,NULL,NULL,NULL
259,Young Donuts Song,3,2020-07-22,NULL,NULL,NULL
260,Pieces,0,2020-07-25,NULL,NULL,NULL
261,Sobakasu,1,2020-07-25,NULL,NULL,NULL
262,Ahoy!! We are Houshou Pirates☆,0,2020-07-30,7gl0IJpIHu1TtNT4hNiv9H,NULL,NULL
263,Hanamuke no Tori,1,2020-07-30,NULL,NULL,NULL
264,Azamina,0,2020-07-31,3xcTZlaN8603Dc4bwq3G8V,13,3
265,Milk and Fruit Song,0,2020-07-31,NULL,NULL,NULL
266,Ten Little Indians,1,2020-08-10,NULL,NULL,NULL
267,Venus,1,2020-08-11,NULL,NULL,NULL
268,JoJo ~Sono Chi no Sadame~,1,2020-08-12,NULL,NULL,NULL
269,Racing into the Night,1,2020-08-14,NULL,NULL,NULL
270,CHA-LA HEAD CHA-LA,1,2020-08-14,NULL,NULL,NULL
271,Koi no Sankaku Kaiiki SOS,1,2020-08-16,NULL,NULL,NULL
272,MOON PRIDE,1,2020-08-17,NULL,NULL,NULL
273,Guruguru Love Story,0,2020-08-20,7zdMSqDXcP2Lk2aBsWzEw1,16,6
274,Tokyo Summer Session,1,2020-08-25,NULL,NULL,NULL
275,Kiss me! Choose me!,3,2020-08-26,1pmIwrgf3g5Vqb6lUPRPJl,18,1
276,Diamond Crevasse,1,2020-08-26,NULL,NULL,NULL
277,#aqua iro palette,0,2020-08-29,1xFQ5lKWILBjqnyX4RgI8d,NULL,NULL
278,Tokyo Summer Session,1,2020-08-30,NULL,NULL,NULL
279,Sakuranbo Kissu ~bakuhatsu da mo n~,1,2020-09-04,7FTvXo3OLwD3lOmaIb4Ad6,18,2
280,Reaper or Rapper? Introduction Rap,0,2020-09-12,5hv7Kq6CGGI9tkoT8yZZKs,14,1
281,"Excuse My Rudeness, But Could You Please RIP?♡",0,2020-09-12,4luSvNPtu6emYsaTOHrguR,14,2
282,Angel,1,2020-09-13,NULL,NULL,NULL
283,DEAD BEATS,0,2020-09-15,3ZkYgSk8cIqOlvBlK7IV6C,14,3
284,Kaede,1,2020-09-15,NULL,NULL,NULL
285,Live Again,0,2020-09-16,4Xnuh5fEHbHpxI3leaQSLN,14,4
286,summertime,1,2020-09-16,NULL,NULL,NULL
287,Leaf ticket,1,2020-09-18,63SpHN01K80ltGgKLJgFm8,18,3
288,KING,1,2020-09-19,NULL,NULL,NULL
289,Collage,1,2020-09-20,NULL,NULL,NULL
290,Kurenai Kuronikuru,0,2020-09-22,4IhnQGvDwpEdgb2UhwiuAy,15,1
291,Kurenai Kuronikuru,0,2020-09-22,5mnW0ffyv120edhWU8dOec,15,2
292,Kurenai Kuronikuru,0,2020-09-22,5ieVHZCk5UFYJEaAgTcOu4,15,3
293,Hotto Dogu,1,2020-09-23,NULL,NULL,NULL
294,Just a Sunny Day for You,1,2020-09-27,NULL,NULL,NULL
295,as × sist ~amaebetana watashinarini~,1,2020-10-02,3g15iT1w3eqGtn9fOzsJ1E,18,4
296,Bersama Ioforia,0,2020-10-02,NULL,NULL,NULL
297,Can you say hololive members?,0,2020-10-10,1trNMFcMvBIoQF6t5RGADP,26,6
298,Watashi no Tenshi,1,2020-10-10,NULL,NULL,NULL
299,Hacha-Mecha Miracle,3,2020-10-11,3TNNvyjwcHpqmo0RYqgQtk,NULL,NULL
300,Kimagure Mercy,1,2020-10-11,NULL,NULL,NULL
301,Step and Go!!,0,2020-10-15,4dSOK8YkObmw2nho0VzypR,16,1
302,KAZE FUKEBA KOI,1,2020-10-17,1Mo0KZeSj3K10vrOvGRBIF,17,7
303,365 NICHINO KAMIHIKOUKI,1,2020-10-18,5zHOvhdrIUrDnHowyQiu8X,17,11
304,Monday's melancholy,1,2020-10-18,NULL,NULL,NULL
305,KOINO TSUBMI,1,2020-10-19,5B3aQHbgL4Wrt8EFojsTYQ,17,6
306,Gurenge,1,2020-10-19,NULL,NULL,NULL
307,HASHIRE,1,2020-10-20,5gO8TKbeRqN9fJH8VDdX4x,17,12
308,Chu-Chu-Lu,0,2020-10-21,0xnijDkP0OIrguZqcjyHdj,16,2
309,Rea/Remo Sympathizer,0,2020-10-21,6NoRn0wecNfGhRFfxKP1hg,16,3
310,Blueberry Moon,0,2020-10-21,3o6yWk8vPhq5mCudxpIi88,16,4
311,Sora Matsuri,0,2020-10-21,3cSA2CmSOHxUpIx1PmU0sb,16,5
312,Let's Dance! Maimai Time,0,2020-10-21,245o74jaAOpV3vNWzYX4Oa,16,7
313,Aozora no Symphony,0,2020-10-21,3KlvttL0IoLsmBsoolCQKv,16,8
314,Platinum Disco,1,2020-10-21,NULL,NULL,NULL
315,"Halloween Night, Tonight!",0,2020-10-22,3eRKkPO7ykGf1kRq8YmZm5,NULL,NULL
316,Oogeo Diamond,1,2020-10-23,NULL,17,0
317,Stay Alive,1,2020-10-24,NULL,NULL,NULL
318,For The Win,3,2020-10-26,NULL,NULL,NULL
319,allegretto ~Sora to kimi~,1,2020-10-30,17dF8cRTH4bucZtuwg2zT4,18,6
320,Surprise Paradise!,0,2020-10-31,NULL,NULL,NULL
321,Crazy Party Night,1,2020-10-31,NULL,NULL,NULL
322,Tonight in this Moonlit Mansion,1,2020-10-31,NULL,NULL,NULL
323,Chiisana Koi no Uta,1,2020-10-31,NULL,NULL,NULL
324,Cursed Night,0,2020-11-01,5w2OzFwcgTjQ5bhk50wnkp,NULL,NULL
325,Tsuki Akari,1,2020-11-01,NULL,NULL,NULL
326,Asamade Halloween,1,2020-11-01,NULL,NULL,NULL
327,Title nante Jibun de Kangaenasaina,1,2020-11-03,NULL,NULL,NULL
328,~The Endia & The Knights~,1,2020-11-14,NULL,NULL,NULL
329,Pekomiko Daisensou!,3,2020-11-16,59sDEmq3wQFTXYIgfZcHxm,NULL,NULL
330,Uta ni Katachi wa Nai Keredo,1,2020-11-17,NULL,NULL,NULL
331,Summer no Hashi Kisui,0,2020-11-18,NULL,NULL,NULL
332,Aikotoba III,1,2020-11-19,NULL,NULL,NULL
333,FEEL ALiVE,0,2020-11-25,17c6fuarzTddgjauBsPF67,NULL,NULL
334,HINOTORI,0,2020-11-26,3jqKl9SxBn758kMQHl5mMu,NULL,NULL
335,Cream+Mint,1,2020-11-27,36aupT2lVBKXhF1j4xRwiY,18,5
336,Kiss me! Choose me!,3,2020-11-27,0Qr2B67UU8PtjMjsvVL8ps,18,7
337,Kiss me! Choose me!,3,2020-11-27,4qi6dRpd6ScV16HmDQnV0T,18,8
338,Kiss me! Choose me!,3,2020-11-27,7jR0vZOqbcUYxOitz1o2H9,18,9
339,Unmei no Arika,0,2020-12-01,2Z1ikOELTCeMkbelR75MsM,19,1
340,Eternity Bright,4,2020-12-01,0nSU1ZcEo3tpK0ixVJPalE,19,2
341,petal dance,0,2020-12-01,4fYi7QYQBgblXCeiH55SZ1,19,3
342,Rotate repeated,0,2020-12-01,31lqNUZ7RWoX3si9PpH4iX,19,4
343,yamanai ame,0,2020-12-01,2ymDqGhITa01CyZrLHPKhs,19,5
344,Aoi yume,4,2020-12-01,15SehJFluldtp89JlWxBUH,19,6
345,hikari,4,2020-12-01,5NmnidnbXam7jh5ETjVn6m,19,7
346,time capsule,0,2020-12-01,5VNn86pLAV8GZduvwwOJvM,19,8
347,Intersection,4,2020-12-01,4TYmQp63NuPzQiSEHsBk2t,19,9
348,Take me to Heaven,4,2020-12-01,1seLNY12hxFhwpJ3lqYPxt,19,10
349,neko naraba ikeru,4,2020-12-01,1jGz6lWlSGb3R0Ycb1hxsM,19,11
350,hakkotai sorasaikuru,0,2020-12-01,1o7fBDprDWomgehcrf2vbU,19,12
351,in this world,0,2020-12-01,2F7Dl3LGjYqNLJrNBkFn8H,19,13
352,Kimagure Romantic,1,2020-12-02,NULL,NULL,NULL
353,Caramelldansen,1,2020-12-04,NULL,NULL,NULL
354,Seishoujo Ryouiki,1,2020-12-04,NULL,NULL,NULL
355,WILD CHALLENGER,1,2020-12-10,NULL,NULL,NULL
356,BLUE CLAPPER,0,2020-12-22,1EONfP99BgdGCImzYVIoL0,NULL,NULL
357,Can You Do the hololive? Beyond the Stage ver.,2,2020-12-22,NULL,NULL,NULL
358,Sakurairo High Tension!,3,2020-12-23,4Sv9B74oTlqb25CjbjqXyj,NULL,NULL
359,Holy Angel's Carol,1,2020-12-25,NULL,NULL,NULL
360,HOLOGRAM CIRCUS,0,2020-12-26,NULL,NULL,NULL
361,Turing Love,1,2020-12-27,NULL,NULL,NULL
362,Donten Hitsuji ft. Mori Calliope,0,2020-12-29,4QkL5I1AMAhy7RKTlSXJgm,26,9
363,Hyakka Ryoran Hanafubuki,0,2020-12-29,3vHl8WrgUt9d3WfH7sh89J,NULL,NULL
364,Oshogatsu,1,2020-12-30,NULL,NULL,NULL
365,SHIJOSHUGI ADTRUCK,0,2021-01-07,3rRkDjqEy2n8Qi930AjiSF,NULL,NULL
366,KING,1,2021-01-10,NULL,NULL,NULL
367,REDHEART,0,2020-12-21,NULL,NULL,NULL
368,PEKORANDOMBRAIN,0,2021-01-12,7hpm9mbhu3t6h24KUnk4EU,NULL,NULL
369,Candy-Go-Round,0,2021-01-12,1k74br8TbJlTSLR5Ej2OYH,NULL,NULL
370,If You're Happy and You Know It,1,2021-01-12,NULL,NULL,NULL
371,Turing Love,1,2021-01-16,NULL,NULL,NULL
372,Kousui,1,2021-01-18,NULL,NULL,NULL
373,DAILY DIARY,0,2021-01-19,1Kv0TRlYrDeYLP0q2vNO4W,NULL,NULL
374,Turing Love,1,2021-01-20,NULL,NULL,NULL
375,Iris,0,2021-01-22,63m3cFmjuYTZTjuIqUW3RJ,NULL,NULL
376,Suspect,0,2021-01-27,1R0TzCHCkRpgWloQCn7Mh8,NULL,NULL
377,Autophagy,1,2021-01-27,NULL,NULL,NULL
378,Stickybug,1,2021-01-28,NULL,NULL,NULL
379,Ranbu no Melody,1,2021-01-29,NULL,NULL,NULL
380,Next Wednesday,1,2021-01-31,NULL,NULL,NULL
381,Off With Their Heads,0,2021-02-01,1ffXf7HjLCHvNZngkQpGTR,NULL,NULL
382,STARDUST SONG,0,2021-02-02,3vWX279BsItDt7AkfZavDh,NULL,NULL
383,Kyo no Hi wa Sayonara,1,2021-02-06,NULL,NULL,NULL
384,Dreaming Days,0,2021-02-09,1x3JbGn6JWHZ2WsB6yGORQ,NULL,NULL
385,Heart Challenger,0,2021-02-14,2fiQvKdhpAiK1kMCT0gP8n,NULL,NULL
386,Melty ♡ Kitchen,1,2021-02-14,NULL,NULL,NULL
387,Sweet Magic,1,2021-02-14,NULL,NULL,NULL
388,Gimme chocolate!!,1,2021-02-14,NULL,NULL,NULL
389,Kojirase Valentine,0,2021-02-14,NULL,NULL,NULL
390,Ai no Chiisana Uta,0,2021-02-16,4Wy608HFquXPR07e1Ou6jk,NULL,NULL
391,Dreaming Days - Bouquet ver.,4,2021-02-17,21DOxXrGHbLBFSyGfWZQy4,20,1
392,BLUE CLAPPER - Bouquet ver.,4,2021-02-17,3CFCUP6V7oidZBMLqcv6Yl,20,2
393,SHIJOSHUGI ADTRUCK - Bouquet ver.,4,2021-02-17,1AEJAoSAxJ0CAxDJPZ0FBq,20,3
394,STARDUST SONG - Bouquet ver.,4,2021-02-17,4Ju04xI4CsKZ3JfO2saKeV,20,4
395,Hyakka Ryoran Hanafubuki - Bouquet ver.,4,2021-02-17,55yuVCE9xw1ABkgwSNHDYU,20,5
396,DAILY DIARY - Bouquet ver.,4,2021-02-17,153ZefNED7ldVhCBBzQtmM,20,6
397,"Halloween Night, Tonight! - Bouquet ver.",4,2021-02-17,2HwGr1kk27kfaUEH40BLUv,20,7
398,Suspect - Bouquet ver.,4,2021-02-17,37OcLjDuiayFXwS66yE1Fm,20,8
399,Candy-Go-Round - Bouquet ver.,4,2021-02-17,15s8k2oQs8A8nXrXZTu4Ri,20,9
400,AsuiroClearSky - Bouquet ver.,4,2021-02-17,6LqzhimW8t59ddQmX0vmjk,20,10
401,Precious Photographs - Bouquet ver.,4,2021-02-17,6np33RhfYDH7HR4JQ7f2TC,20,11
402,Shiny Smily Story - Bouquet ver.,4,2021-02-17,2OZDpwQYrEUDYZPbywxZNK,20,12
403,Yumemiru Sora He - Bouquet ver.,4,2021-02-17,0VYTbsHzYEW35c6UOvcE85,20,13
404,Kirameki Rider - Bouquet ver.,4,2021-02-17,4qA49NKsaS4LL0tW4jMEsl,20,14
405,AsuiroClearSky,0,2021-02-17,7vFLpDNA59QTKBpYjoFQnR,NULL,NULL
406,Heroine Audition,0,2021-02-18,0oT6RstdSt2H9WW9vDVPTm,NULL,NULL
407,KING,1,2021-02-18,NULL,NULL,NULL
408,e-ma e-ma,3,2021-02-20,NULL,NULL,NULL
409,e-ma e-ma,3,2021-02-20,NULL,NULL,NULL
410,Baby I Love You,1,2021-02-21,NULL,NULL,NULL
411,Mogu Mogu YUMMY!,0,2021-02-22,5u1D5cZgbEPioXPVlRQkrq,NULL,NULL
412,Gimme Ginmi virtual Saiko star!!!!,3,2021-02-25,1QR8AChBaE3OKDlPB0uFdc,NULL,NULL
413,Palette,0,2021-02-26,1hLWGQJDCPMmEMJ3cPxMqE,NULL,NULL
414,Hikaru Nara,1,2021-02-28,NULL,NULL,NULL
415,NENENENENENENENE!DAIBAKUSOU,0,2021-03-03,0r0YcSNnUtkYHoiRoV6Z9z,NULL,NULL
416,Where I Belong,3,2021-03-07,2bQU3PVpYEpos1J2vYKMdT,NULL,NULL
417,Lively Bopping to Death’s Knocking,0,2021-03-14,5FNTCdB75khaBJcaMqdohc,21,1
418,Krispy Fry-fry Party,0,2021-03-14,4XF880SewA3IC1i7h9CIeP,21,2
419,Kanalumi,0,2021-03-14,2MNHXl3V9GeHwJpzTsvVHi,21,3
420,Sharkventure!!,0,2021-03-14,4tX8tHJxTOZ0Dd9At2UIs8,21,4
421,Misteavous Myth-buster,0,2021-03-14,4DOn2rVGWjv2cludaoNnLD,21,5
422,KumoHurray!,0,2021-03-15,NULL,NULL,NULL
423,Hana Dokino Sora,2,2021-03-16,NULL,NULL,NULL
424,"I love you so much, I think I’m going to cry",2,2021-03-17,NULL,NULL,NULL
425,Tsuki to Taiyou no Meguri,1,2021-03-23,NULL,NULL,NULL
426,spiral tones,0,2021-03-25,6T1Fh5bxr1nRVKsGCAPxUq,NULL,NULL
427,Archive,0,2021-03-25,5QexzekFLgMpyfm29GC5Qh,NULL,NULL
428,Azamina (K's Remix),2,2021-03-28,NULL,22,0
429,Unmei no Arika,2,2021-03-28,NULL,22,2
430,Azamina,2,2021-03-28,NULL,22,18
431,Sorairo Days,1,2021-03-30,NULL,NULL,NULL
432,Smile & Go!!,0,2021-04-02,3TMbjA47i9F28HY4qgsAdK,NULL,NULL
433,The Grim Reaper is a Live-Streamer,0,2021-04-04,6i3It0rVKEvoaTkzIxGOpg,23,1
434,Red,0,2021-04-04,3h8efEQ3MsDESpfeKX1JI4,23,2
435,guh,0,2021-04-04,1rae8blMgdy6WQgZAHxRXN,23,3
436,IJIMEKKO Bully,0,2021-04-04,1Mt287tRgGUKQtB885KHhF,23,4
437,Empress (Calliope ver.),1,2021-04-04,NULL,23,5
438,id:entity voices,0,2021-04-06,1tOyALwEUlV1VxHEkiDprF,NULL,NULL
439,id:entity voices (Japanese Ver.),0,2021-04-06,1A2KmhNE9OESMcuRLkGA67,NULL,NULL
440,GHOST,0,2021-04-13,6Ft1XuvNszzYKUzWYK67VR,NULL,NULL
441,SAIKYO TENSAI WANDERFUL WORLD of KORONE,0,2021-04-14,5MoMUFInCNPVe0MgIlnUXs,NULL,NULL
442,Lunch with me,0,2021-04-19,3JuQ0RD86HG61yrYofWfOD,NULL,NULL
443,Gira Gira,1,2021-04-19,NULL,NULL,NULL
444,Magical☆Tokki Theme Song,0,2021-04-24,NULL,NULL,NULL
445,Lect City,0,2021-04-25,NULL,24,2
446,Lect City -InstMix-,2,2021-04-25,NULL,24,11
447,Secret Daybreak,1,2021-04-26,NULL,NULL,NULL
448,Speed,0,2021-04-30,37IIZhU70VIIy6GqVfl27e,NULL,NULL
449,Dreaming Days - Midnight ver.,2,2021-05-01,4RJBxUR8eepeSpjxC7ITip,25,1
450,BLUE CLAPPER - Midnight ver.,2,2021-05-01,4N68I8cUi8lJ7vUrFblWGy,25,2
451,SHIJOSHUGI ADTRUCK - Midnight ver.,2,2021-05-01,5HgY4MglaT7ySTypVn10p2,25,3
452,STARDUST SONG - Midnight ver.,2,2021-05-01,3J4IovggAGkrRRGAJy5QVw,25,4
453,Hyakka Ryoran Hanafubuki - Midnight ver.,2,2021-05-01,0NyEpyn8lGCo5aZ6IzDmUZ,25,5
454,DAILY DIARY - Midnight ver.,2,2021-05-01,5G5VJ7ucw59XGTP2xFLzd1,25,6
455,"Halloween Night, Tonight! - Midnight ver.",2,2021-05-01,399dE5GZ0yGN7nNsN3pA8X,25,7
456,Suspect - Midnight ver.,2,2021-05-01,0jREB08ILwERtLq7PXfUsu,25,8
457,Candy-Go-Round - Midnight ver.,2,2021-05-01,4g0dh8fckmoSNoUXWFUIBZ,25,9
458,AsuiroClearSky - Midnight ver.,2,2021-05-01,3chVhtohXb5vZsd4ySqFZQ,25,10
459,Precious Photographs - Midnight ver.,2,2021-05-01,1J7w0pofTbFRh22jGxs4BJ,25,11
460,Shiny Smily Story - Midnight ver.,2,2021-05-01,5xWuFe8LDWC8aFUV8QS1Hd,25,12
461,Yumemiru Sora He - Midnight ver.,2,2021-05-01,251Bi3Cjc7tqkEleo4hiKC,25,13
462,Kirameki Rider - Midnight ver.,2,2021-05-01,4klY8lqMVbaLYNB1dZjpNj,25,14
463,Kimi wa Boku ni Niteiru,1,2021-05-01,NULL,NULL,NULL
464,KING,1,2021-05-08,NULL,NULL,NULL
465,Seishoujo Ryouiki,1,2021-05-13,NULL,NULL,NULL
466,Plasmagic Seasons!,0,2021-05-15,0lom7KdzUyMlMBzzIyS5gn,NULL,NULL
467,MKDR (DSCF),1,2021-05-19,NULL,NULL,NULL
468,Dawn Blue,0,2021-05-21,NULL,NULL,NULL
469,Envy Baby,1,2021-05-22,NULL,NULL,NULL
470,Compared Child,1,2021-05-26,NULL,NULL,NULL
471,Ugoku Ugoku,1,2021-05-29,NULL,NULL,NULL
472,Aimai chocolate,0,2021-05-31,17FIVd29lYaR5Dy37Dz5zZ,26,8
473,Infinity,0,2021-06-03,NULL,NULL,NULL
474,Aniki he,0,2021-06-06,NULL,NULL,NULL
475,"Reincarnation Ascension ""Ten Sho Sho Ten Sho""",1,2021-06-10,NULL,NULL,NULL
476,GETCHA!,1,2021-06-15,NULL,NULL,NULL
477,The Vampire,1,2021-06-19,NULL,NULL,NULL
478,Reflect,0,2021-06-21,0B96zn11fA3apNGZqERmPO,NULL,NULL
479,Mask,0,2021-06-22,NULL,27,1
480,Chase for Leica,0,2021-06-22,NULL,27,2
481,Exit from basement,0,2021-06-22,NULL,27,3
482,The monologues,0,2021-06-22,4JvgWmOCUwQGbZPIAKMfaF,27,4
483,Kiseki knot,0,2021-06-25,5O3zXdlwLUhMzYtJMQJEZ3,NULL,NULL
484,Bluerose,0,2021-06-25,5YXDX6cSlv97HEIRJYF6NE,NULL,NULL
485,Perhaps I'll be able to become the Sun,1,2021-06-25,NULL,NULL,NULL
486,Just Follow Stars,0,2021-06-27,0JnPGtuC6WvtIrulXBIfZJ,NULL,NULL
487,Weather Hackers☆,0,2021-06-27,NULL,NULL,NULL
488,BLACK SHOUT,1,2021-06-29,NULL,NULL,NULL
489,Melody For You,0,2021-06-30,00CTwyWPLXYjc2bPfZ4ZLE,NULL,NULL
490,Easter Carnival,1,2021-06-30,NULL,NULL,NULL
491,Taiyou Shoujo,0,2021-07-02,5G7I2orIMZIWHr6xqZDssO,33,2
492,SPARKS,0,2021-07-07,46scODShYFATHbLfLE0dr1,NULL,NULL
493,Run,0,2021-07-09,57aMnr5dXnGcmBoWU5vXuN,NULL,NULL
494,"sweet night, sweet time...",0,2021-07-09,NULL,NULL,NULL
495,Caesura of Despair,0,2021-07-11,6QVpYEdrtbNgraup4j7Z2j,28,1
496,diorama,0,2021-07-11,2KURKfI9nOUQcQMCaSsxxx,28,2
497,HERE COMES HOPE,0,2021-07-11,413waXVdYeWc1iqx68Dmpm,28,3
498,diorama (attacca ver.),2,2021-07-11,2TgzdtprmqLiGKKfJ39ci2,28,4
499,Sanji Juunihun,0,2021-07-14,26jQE4o0tM9onEoI4ylGOV,39,4
500,Youkoso! Sweet Carnival!,3,2021-07-15,NULL,NULL,NULL
501,Absolute 5,1,2021-07-17,NULL,NULL,NULL
502,HiHi High Tension！,0,2021-07-22,4B5Ut0G50k2ho8K7CM8ppC,NULL,NULL
503,Loser Girl,1,2021-07-25,NULL,NULL,NULL
504,Ode to an Eternal Future,0,2021-07-26,NULL,NULL,NULL
505,Shoujorei,1,2021-07-27,NULL,NULL,NULL
506,Say!Fanfare! - Sunshine ver.,2,2021-08-02,1C1dylFuXRvPwj5KQRgzm2,29,1
507,Smile & Go!! - Sunshine ver.,2,2021-08-02,6Eq01tUI3DFvR1qIG7T71E,29,2
508,Candy-Go-Round - Sunshine ver.,2,2021-08-02,3qFOqalywso0m78u55TI5s,29,3
509,Plasmagic Seasons! - Sunshine ver.,2,2021-08-02,7tCHctZ4WMBPLYg8oyZJZu,29,4
510,Kirameki Rider - Sunshine ver.,2,2021-08-02,1ZzH9jbB5tQeN47ykM6yNi,29,5
511,DAILY DIARY - Sunshine ver.,2,2021-08-02,6YEFqbItXGAVFDf3msE1Uj,29,6
512,PEKORANDOMBRAIN - Sunshine ver.,2,2021-08-02,7xzMa2N3JxXCmNWdXvRRsD,29,7
513,Heroine Audition - Sunshine ver.,2,2021-08-02,56g9zxVoZyDtSUe3dKeyXC,29,8
514,Lunch with Me - Sunshine ver.,2,2021-08-02,4qYrOdoiuyvxqE11xyHlM1,29,9
515,Yumemiru Sora He - Sunshine ver.,2,2021-08-02,01O9QQ3Q797F2v7SHxOsg6,29,10
516,VIOLET,0,2021-08-05,7dZaYDrwG1GB88BlHS99vr,NULL,NULL
517,Robotic Girl,1,2021-08-07,NULL,NULL,NULL
518,Stellar Stellar,0,2021-08-08,6OC9BOO9qGXQARZGWb8rqy,32,1
519,KAISOU RESSHA,0,2021-08-09,6wpqPONVVn3uqt5yGhmOYa,NULL,NULL
520,Unison,0,2021-08-11,5erw0k8hLca8iP36AhFMsE,NULL,NULL
521,Good Morning Song,0,2021-08-11,NULL,NULL,NULL
522,Crash!,0,2021-08-12,NULL,NULL,NULL
523,momonone,0,2021-08-13,2urajilHUT6eFDp4RSbzjV,NULL,NULL
524,Cry Baby,1,2021-08-13,NULL,NULL,NULL
525,Lioness' Pride,0,2021-08-14,3uUqVWJfaRpaj3b0EgrOsS,NULL,NULL
526,The Vampire,1,2021-08-15,NULL,NULL,NULL
527,Po,0,2021-08-16,0dx3ntI5kOq8gmqwt1kikE,NULL,NULL
528,MAGE OF VIOLET,0,2021-08-17,5iGczddK13Dr8vL8NIW6cQ,NULL,NULL
529,SelfishDazzling,3,2021-08-17,0Uscki5AtDPNsosWA6S2xN,NULL,NULL
530,summertime,1,2021-08-18,NULL,NULL,NULL
531,Tokusya-Seizon Wonder-la-der!!,0,2021-08-19,5dNsClrMrKih5fTFbZ0t6D,NULL,NULL
532,"mayday,mayday",0,2021-08-19,3nffUBiOJwEJ4AkESSkoqp,NULL,NULL
533,Howling,0,2021-08-20,250Zat00GCzOBvPUxq7ERR,NULL,NULL
534,Wan Wan! Waoon,0,2021-08-20,5mV3WDEBAJoDpAu6OYYTEZ,NULL,NULL
535,bye bye rainy,0,2021-08-22,5XlFOB7DxU3SzEEq1mz3N1,NULL,NULL
536,EverBlue,0,2021-08-26,74PqCoxxkhqvgPNlmo500o,NULL,NULL
537,Kagetsu no Yume,0,2021-08-28,1zgxKcQWOfiSExApYtNgxh,NULL,NULL
538,Magia,1,2021-08-28,NULL,NULL,NULL
539,TSUMARI WA ITSUMO KUJIKENAI!,3,2021-09-01,6i2BggYgaZ2nfSV2hUTV9x,NULL,NULL
540,MAKE UP TRUE!,3,2021-09-01,3HYHdteo8wzya7VLVgqwX1,NULL,NULL
541,Heartbeat - 2021 TAMU Remix,2,2021-09-02,7MeeM54sm2nNG0ogyEhWvX,31,2
542,Heartbeat,4,2021-09-02,NULL,30,2
543,Azamina (K's Remix),4,2021-09-02,5g2pYBRCIBJmTQ4WfxbP4B,31,21
544,Azamina,4,2021-09-02,NULL,30,21
545,Zero no Ashiato,0,2021-09-02,NULL,NULL,NULL
546,ChocoLove,0,2021-09-04,7yizeuKaX027gnbk68COyx,NULL,NULL
547,Everlasting Soul,0,2021-09-09,53MvNShDTPYxBghQCHQSyR,NULL,NULL
548,Gate Open: START!,0,2021-09-09,1UkMdn16fZMqFTeU4Ne0WJ,NULL,NULL
549,Gate Open: START! - Japanese ver.,0,2021-09-09,0R7fWW1JtfRtGFBAIUPQ75,NULL,NULL
550,Honeycomb Summer,1,2021-09-13,NULL,NULL,NULL
551,Holidays!,0,2021-09-16,NULL,NULL,NULL
552,Domination! All the World Is an Ocean,0,2021-09-18,0518dysM27SLsdUuP4kNrJ,NULL,NULL
553,CIVILIAN,1,2021-09-21,NULL,NULL,NULL
554,Shooting Star,0,2021-09-23,0ACCqRTooNZOOOhl2X2WI7,NULL,NULL
555,God of Romance,1,2021-09-23,NULL,NULL,NULL
556,kotonoha,0,2021-09-24,2JEM5Vc1M7Wr6CRxMmdweQ,NULL,NULL
557,Saikyo x Saikyaku girl,0,2021-09-25,7AvbR6rjLXTGwVArr7ShCj,NULL,NULL
558,RAINBOW,0,2021-09-25,NULL,NULL,NULL
559,aqua iro palette,0,2021-09-26,0a33Bgu9o1KVq1BXiWpXKq,NULL,NULL
560,Homenobi,0,2021-09-26,2U8ZwgWgSlJi91EJAOWibr,NULL,NULL
561,NEXT COLOR PLANET - Still Still Stellar ver.,4,2021-09-29,46DqUKlnFncoxPhFBVZE3h,32,2
562,Her Trail on the Celestial Sphere - Still Still Stellar ver.,4,2021-09-29,22yckG0AOLQlMGAhvR9Q47,32,3
563,GHOST - Still Still Stellar ver.,4,2021-09-29,5rMyE0jg6tHPZgKB84gweM,32,4
564,bye bye rainy - Still Still Stellar ver.,4,2021-09-29,3hJ6q2pF459fIGbuyaL7Jx,32,5
565,SelfishDazzling - Still Still Stellar ver.,4,2021-09-29,6vITZ7E5chfDsfn060SJrw,32,6
566,Bluerose - Still Still Stellar ver.,4,2021-09-29,4lYF2POxh1aJSi2SlWFmBU,32,7
567,comet - Still Still Stellar ver.,4,2021-09-29,5th8D9oZt1VAuReQ2mtkwH,32,8
568,Andromeda,0,2021-09-29,4psAEiJpgRtrK7hiYLg2wJ,32,9
569,Je t'aime。,0,2021-09-29,09K6Gc5wYKIeQ9zeMud3yK,32,10
570,Starry Jet,0,2021-09-29,46cCvZ1chJoxjgO7XQE7EG,32,11
571,Run - Still Still Stellar ver.,4,2021-09-29,3zthOUTWusoKjdZsxmQb9d,32,12
572,Cinderella,1,2021-09-30,NULL,NULL,NULL
573,end of a life,0,2021-10-01,0i2THDeAhJma8FrUVy90No,NULL,NULL
574,"Yoi no Yo, Yoi!",0,2021-10-02,2eTniD5ZO9ypU9tmFOYsqp,NULL,NULL
575,Umapyoi Densetsu,1,2021-10-03,NULL,NULL,NULL
576,Pleiades!,0,2021-10-07,5LxmEYp42yxYmdlsVhENzn,33,1
577,Jin,1,2021-10-11,NULL,NULL,NULL
578,madoromi,3,2021-10-13,7qNElz2cxQoxBz7wyDuBtz,NULL,NULL
579,Fansa,1,2021-10-13,NULL,NULL,NULL
580,The Last Frontier,0,2021-10-16,6z7xbqbj3fQHfxF8Wrpk7m,NULL,NULL
581,okochama sensou,1,2021-10-17,NULL,NULL,NULL
582,SANny Days,0,2021-10-20,NULL,34,1
583,Landing on the Island!,0,2021-10-20,NULL,34,2
584,Sunrise on the Horizon,0,2021-10-20,NULL,34,3
585,1Room Aquarium,0,2021-10-20,NULL,34,4
586,Domination! All the World Is an Ocean Sunset ver.,0,2021-10-20,NULL,34,5
587,OUT OF FRAME,0,2021-10-21,2zWwBJBfxNr9bzaVBYerLZ,NULL,NULL
588,Miracle Shopping ~Don Quijote theme~,3,2021-10-22,NULL,NULL,NULL
589,Chew the Night Sky,0,2021-10-23,0VwKirv5aUyz8WlKJX0PSH,NULL,NULL
590,Pastel Tea Time,0,2021-10-26,NULL,NULL,NULL
591,CROWN,0,2021-10-29,7ywRRguljW6J3mAOj1EqjP,35,2
592,Monster,1,2021-10-29,NULL,NULL,NULL
593,Graveyard Shift,0,2021-11-01,6KhX2ctFvidBjIUPrKaGqs,NULL,NULL
594,Myth or Treat,0,2021-11-01,NULL,NULL,NULL
595,Kira Kira,0,2021-11-08,67KEWFlc6FDrGIP0Ryq6zF,NULL,NULL
596,Envy Baby,1,2021-11-09,NULL,NULL,NULL
597,nanawari enemy,0,2021-09-12,5rMqN3xMS33iVwwCO23GmZ,NULL,NULL
598,Asuenokyokaisen,0,2021-11-15,2fq966WEfQ25My2d9ZPn7H,NULL,NULL
599,aqua iro palette -TEKINA//remix-,2,2021-11-17,7wXLjDD9rcgd9QnfUA6MxV,36,1
600,SHIJOSHUGI ADTRUCK -TEKINA//remix-,2,2021-11-17,4WAhqAm9Ca1NIeAH0lIwuQ,36,2
601,NEXT COLOR PLANET -TEKINA//remix-,2,2021-11-17,3aCv3ejbGSuN0wpWux8PK6,36,3
602,W.I.M.,0,2021-11-20,2OWsOo4lF3zd6ADpKvjAPV,NULL,NULL
603,Interact Fantasia,0,2021-11-21,2SFvqQLCgyxS74STmKSkW5,NULL,NULL
604,HOT LIMIT,1,2021-11-24,6erbYJuCO9cgWQtmVmnE1t,37,1
605,Romance no Kamisama,1,2021-11-24,7J1iGMSyRru4leMjl8cVAp,37,2
606,Fansa,1,2021-11-24,0j1LIBSa98LtNCUatXZqQr,37,3
607,MASAYUME CHASING,1,2021-11-24,6SZPZv5bICgtQBKNULY9Ig,37,4
608,Kaibutsu,1,2021-11-24,589x2AYey2vCTRKd7Bkjee,37,5
609,Android Girl,1,2021-11-24,0EIzl1b8M7wDCD64B48NCb,37,6
610,God knows...,1,2021-11-24,1cYNzkhOz19uDJcWzitLbA,37,7
611,Butterfly,1,2021-11-24,68jxowAyL6OsZAvca3Tfdj,37,8
612,Massara Blue Jeans,1,2021-11-24,14ZuLmv66fNWe7tq7fjd0i,37,9
613,Uso,1,2021-11-24,6U7vQ6wkXJzJ9F2aGtg5VI,37,10
614,Akai Sweat Pea,1,2021-11-24,7qePfkl8wEUdywScd8qBoI,37,11
615,Kono Sekai de,1,2021-11-24,6ydlGt57MqjSaI4GoVoYfF,37,12
616,KING,1,2021-11-24,0TIH0LweOO50xLszvlPmkX,37,13
617,Alien Alien,1,2021-11-24,7oXKoYOPHqokDCpCZKSNjF,37,14
618,Taiyokei Disco,1,2021-11-24,7igxbsgbtMyDI70zaJBBG4,37,15
619,HINOTORI - Takanashi Kiara【Astrophysics Remix】,2,2021-11-25,NULL,NULL,NULL
620,HINOTORI - Takanashi Kiara 【Lone Alpha Remix】,2,2021-11-26,NULL,NULL,NULL
621,HINOTORI - Takanashi Kiara 【REDSHiFT Remix】,2,2021-11-26,NULL,NULL,NULL
622,phony,1,2021-11-26,NULL,NULL,NULL
623,Caesura of Despair - Twilight ver.,2,2021-11-27,2j8G1lLFgvh7gvnwA0hAtB,38,1
624,Bluerose - Twilight ver.,2,2021-11-27,3rtvDPCHJPRnQYkByEBPTb,38,2
625,Tokusya-Seizon Wonder-la-der!! - Twilight ver.,2,2021-11-27,5v1KfdxeIDYoZuF22zMmA6,38,3
626,BLUE CLAPPER - Twilight ver.,2,2021-11-27,1L3QPOHhABiMvNXhxnUisN,38,4
627,"Halloween Night, Tonight! - Twilight ver.",2,2021-11-27,4etuzYT4jbdZK4aL1AKRs0,38,5
628,"mayday,mayday - Twilight ver.",2,2021-11-27,3oR9hKZ6RWbptNuzq6yCPI,38,6
629,Lioness' Pride - Twilight ver.,2,2021-11-27,5bouPlzUnqdMYhBwQnZYNt,38,7
630,VIOLET - Twilight ver.,2,2021-11-27,5nw4ul3GOsve92yAC8Tgqo,38,8
631,AsuiroClearSky - Twilight ver.,2,2021-11-27,3UBROEzD2GcqBwdaU39nUR,38,9
632,STARDUST SONG - Twilight ver.,2,2021-11-27,2e1oij2s4vfHdVrlxKIyWk,38,10
633,Seyana.,1,2021-11-30,NULL,NULL,NULL
634,Pentas,0,2021-12-01,1cfMvayH3A4PewOiIS80CR,NULL,NULL
635,Turing Love,1,2021-12-01,NULL,NULL,NULL
636,uni-birth,0,2021-12-02,2vcODCwLMSfShxouynk1Mz,NULL,NULL
637,Saikai,1,2021-12-03,NULL,NULL,NULL
638,Tabi no Tochuu,1,2021-12-03,NULL,NULL,NULL
639,S'il Vous President,1,2021-12-05,NULL,NULL,NULL
640,Ano Aozora no Sei da,0,2021-12-06,7wJ7xOJIcMloCzze1QTlNt,NULL,NULL
641,Love Me Love Me,0,2021-12-06,6n1qVTpxdtuD4MhzeHf3vF,NULL,NULL
642,Wakuwaku Everyday,0,2021-12-06,4VFdXr2BrYsCm1ulSfj5Hf,NULL,NULL
643,Future Galaxy and Whistle Melody,0,2021-12-07,2ErGMUDSKM3SnpnC0H3Nxm,NULL,NULL
644,Yona Yona Journey,0,2021-12-09,6MGxLjbGvW5oU162i8trvG,39,2
645,Chichin-Pui-Pui,1,2021-12-13,NULL,NULL,NULL
646,Cinema,1,2021-12-13,NULL,NULL,NULL
647,Yumehanabi,0,2021-12-13,NULL,NULL,NULL
648,Miracle Paint,1,2018-12-24,NULL,NULL,NULL
649,115 Million Kilos of Film,1,2021-12-14,NULL,NULL,NULL
650,ECHO,1,2019-06-02,NULL,NULL,NULL
651,☆V☆E☆A☆H☆,1,2021-09-07,NULL,NULL,NULL
652,Ievan Polkka,1,2020-11-20,NULL,NULL,NULL
653,HAACHAMA COOKING SONG♪,0,2020-12-12,NULL,NULL,NULL
654,SENBONZAKURA,1,2020-01-20,NULL,NULL,NULL
655,PoPiPo,1,2021-01-27,NULL,NULL,NULL
656,We Will Rock You,1,2020-09-22,NULL,NULL,NULL
657,"Take Me Home, Country Roads",1,2019-12-08,NULL,NULL,NULL
658,Sweets Parade,1,2018-12-21,NULL,NULL,NULL
659,HAACHAMA HORROR SONG,0,2020-07-13,NULL,NULL,NULL
660,HAACHAMA HORROR SONG,4,2020-12-10,NULL,NULL,NULL
661,Watashi Idol Sengen,1,2019-09-27,NULL,NULL,NULL
662,Last Christmas,1,2019-12-12,NULL,NULL,NULL
663,We Wish You a Merry Christmas,1,2019-12-16,NULL,NULL,NULL
664,Silent Night,1,2019-12-25,NULL,NULL,NULL
665,Uptown Funk,1,2020-06-21,NULL,NULL,NULL
666,Girlfriend,1,2020-06-14,NULL,NULL,NULL
667,Onegai Muscle,1,2020-06-23,NULL,NULL,NULL
668,High range test,1,2020-06-30,NULL,NULL,NULL
669,RAP God chama,0,2021-12-02,NULL,NULL,NULL
670,KUSA FEET RAP,0,2021-12-07,NULL,NULL,NULL
671,I Will Rock You,0,2021-12-04,NULL,NULL,NULL
672,I Love You,0,2021-12-06,NULL,NULL,NULL
673,YABE YABE RAP,0,2021-12-06,NULL,NULL,NULL
674,DIS RAP,0,2021-12-13,NULL,NULL,NULL
675,THE END,0,2021-12-14,NULL,NULL,NULL
676,Let It Go,1,2020-07-17,NULL,NULL,NULL
677,Shape of You,1,2020-05-20,NULL,NULL,NULL
678,Don't Start Now,1,2020-06-02,NULL,NULL,NULL
679,All I Want For Christmas Is You,1,2019-12-24,NULL,NULL,NULL
680,Lemon,1,2020-05-10,NULL,NULL,NULL
681,World is Mine,1,2020-02-27,NULL,NULL,NULL
682,Do You Want to Build a Snowman?,1,2019-06-19,NULL,NULL,NULL
683,Akari ga yattekita zo,1,2021-07-05,NULL,NULL,NULL
684,Ai Kotoba III,1,2020-01-01,NULL,NULL,NULL
685,Yukitoki,1,2019-08-03,NULL,NULL,NULL
686,Poppy Pappy Day,1,2019-09-24,NULL,NULL,NULL
687,Yumeji Labyrinth,1,2018-09-20,NULL,NULL,NULL
688,COEXIST RAP,0,2021-12-16,NULL,NULL,NULL
689,Ashura-chan,1,2021-12-16,NULL,NULL,NULL
690,Animal,1,2021-12-17,NULL,NULL,NULL
691,magical mode,1,2022-01-16,NULL,42,4
692,Hello/How Are You,1,2022-01-16,NULL,42,9
693,Himawari No Yakusoku,1,2022-01-16,NULL,42,12
694,Kawaru Mirai,1,2022-01-16,NULL,42,14
695,Renai Circulation,1,2022-01-16,NULL,42,17
696,Fantastic future,1,2022-01-16,NULL,42,20
697,Reflectier,1,2022-01-16,NULL,42,21
698,S'il Vous President,1,2021-12-19,NULL,NULL,NULL
699,Koi no Takuhaibin,0,2021-12-22,NULL,40,1
700,"Hitokuchi, Choudai?",0,2021-12-22,NULL,40,2
701,Taisetsuna Oshirase,0,2021-12-22,NULL,40,3
702,HAACHAMA-therf*cker,0,2020-08-06,NULL,NULL,NULL
703,HAACHAMA Channel,0,2020-07-08,NULL,NULL,NULL
704,HAACHAMA Rap,0,2020-07-31,NULL,NULL,NULL
705,BAD WORD RAP,0,2021-08-29,NULL,NULL,NULL
706,Haachama of meme life rap,0,2020-09-03,NULL,NULL,NULL
707,Choco♡Melty,0,2021-12-19,3FhPfxEeIiIRgisS0WgCrV,NULL,NULL
708,The Twelve Days of Christmas,1,2021-12-21,NULL,NULL,NULL
709,Magic Word Orchestra,0,2021-12-20,6In1zJ0J1fEFJytczy2Uu4,NULL,NULL
710,THE UNIT IS SHIT RAP,0,2021-12-21,NULL,NULL,NULL
711,Turing Love,1,2020-09-27,NULL,NULL,NULL
712,It’s not like I’m mentally ill!!,1,2021-09-05,NULL,NULL,NULL
713,Dadadada Tenshi,1,2019-08-17,NULL,NULL,NULL
714,Good-bye sengen,1,2021-04-30,NULL,NULL,NULL
715,Indoor Kei nara Trackmaker,1,2019-02-14,NULL,NULL,NULL
716,The Vampire,1,2021-06-12,NULL,NULL,NULL
717,Ubiquitous dB,1,2019-12-08,NULL,NULL,NULL
718,One Room Sugar Life,1,2020-08-09,NULL,NULL,NULL
719,Nyanyanyanyanyanyanya!,1,2021-05-09,NULL,NULL,NULL
720,Cinderella,1,2021-09-16,NULL,NULL,NULL
721,Hokori Takaki Idol,1,2021-12-21,NULL,NULL,NULL
722,Say It.,1,2020-09-20,NULL,NULL,NULL
723,Take Over,1,2020-10-26,NULL,NULL,NULL
724,True My Heart,1,2020-08-08,NULL,NULL,NULL
725,magnet,1,2018-12-29,NULL,NULL,NULL
726,Kyuukyoku Unbalance,1,2020-07-17,NULL,NULL,NULL
727,AI WO KOMETE HANATABAWO,1,2020-06-28,NULL,NULL,NULL
728,Mai Mai Mai,1,2020-05-29,NULL,NULL,NULL
729,Small Palms,1,2020-05-14,NULL,NULL,NULL
730,oath sign,1,2020-01-18,NULL,NULL,NULL
731,Nandemonaiya,1,2020-04-28,NULL,NULL,NULL
732,yomosugara kimi omou,1,2020-04-10,NULL,NULL,NULL
733,"rain stops, good-bye",1,2020-02-11,NULL,NULL,NULL
734,The Wolf Fell in Love with Little Red Riding Hood,1,2019-12-25,NULL,NULL,NULL
735,Kunoichi demo Koi ga shitai,1,2019-04-26,NULL,NULL,NULL
736,Last Christmas,1,2019-12-25,NULL,NULL,NULL
737,Dango Daikazoku,1,2019-12-18,NULL,NULL,NULL
738,Yuki no Hana,1,2019-11-30,NULL,NULL,NULL
739,drop pop candy,1,2019-11-22,NULL,NULL,NULL
740,Karakuri Pierrot,1,2019-11-09,NULL,NULL,NULL
741,heartbeat from you,1,2019-10-02,NULL,NULL,NULL
742,Ima Suki Ni Naru,1,2019-09-17,NULL,NULL,NULL
743,Ayano's Theory of Happiness,1,2019-04-04,NULL,NULL,NULL
744,The Snow White Princess is,1,2019-09-08,NULL,NULL,NULL
745,Sayoko,1,2019-09-03,NULL,NULL,NULL
746,letter song,1,2019-08-07,NULL,NULL,NULL
747,Catch the Moment,1,2019-07-28,NULL,NULL,NULL
748,Wishing,1,2019-06-28,NULL,NULL,NULL
749,phony,1,2021-12-21,NULL,NULL,NULL
750,Animal,1,2021-12-21,NULL,NULL,NULL
751,ROKI,1,2021-12-21,NULL,NULL,NULL
752,e-ma e-ma,3,2021-02-20,NULL,NULL,NULL
753,Otome Dissection,1,2019-03-31,NULL,NULL,NULL
754,Humorous dream of Mrs.Pumpkin,1,2019-10-31,NULL,NULL,NULL
755,Suki Kirai,1,2019-08-14,NULL,NULL,NULL
756,Hakujitsu,1,2020-03-29,NULL,NULL,NULL
757,Racing into the Night,1,2020-07-29,NULL,NULL,NULL
758,KING,1,2020-11-15,NULL,NULL,NULL
759,okochama sensou,1,2020-12-08,NULL,NULL,NULL
760,USSEEWA,1,2021-03-12,NULL,NULL,NULL
761,The Vampire,1,2021-04-18,NULL,NULL,NULL
762,Odo,1,2021-07-31,NULL,NULL,NULL
763,Front Memory,1,2021-08-31,NULL,NULL,NULL
764,God-ish,1,2021-11-28,NULL,NULL,NULL
765,phony,1,2021-12-08,NULL,NULL,NULL
766,Chikatto Chika Chika​,1,2019-11-02,NULL,NULL,NULL
767,Fansa,1,2019-06-30,NULL,NULL,NULL
768,Booo!,1,2019-05-25,NULL,NULL,NULL
769,ADAMAS,1,2019-03-07,NULL,NULL,NULL
770,Snow Song Show,1,2018-12-25,NULL,NULL,NULL
771,Ikitekoso,1,2020-05-31,NULL,NULL,NULL
772,Good-bye sengen,1,2021-05-22,NULL,NULL,NULL
773,KING,1,2021-04-29,NULL,NULL,NULL
774,Ghost In A Flower,1,2021-08-08,NULL,NULL,NULL
775,Ai Kotoba III,1,2019-09-03,NULL,NULL,NULL
776,Two Stars,1,2019-03-03,NULL,NULL,NULL
777,Cherry Bomb,1,2021-10-15,NULL,NULL,NULL
778,Sweet Magic,1,2021-02-14,NULL,NULL,NULL
779,〇〇〇〇〇,1,2019-12-04,NULL,NULL,NULL
780,Delusion Tax,1,2019-07-25,NULL,NULL,NULL
781,Gimme Chocolate!!,1,2021-02-14,NULL,NULL,NULL
782,For Campanella,1,2012-12-22,NULL,NULL,NULL
783,Kataomoi,1,2020-05-21,NULL,NULL,NULL
784,koi no mahou,1,2020-06-26,NULL,NULL,NULL
785,Do my best!,1,2020-01-18,NULL,NULL,NULL
786,Fansa,1,2021-10-07,NULL,33,3
787,Kanade,1,2021-10-07,NULL,33,4
788,SHANTI,1,2021-12-22,NULL,NULL,NULL
789,Deep Sea Girl,1,2019-02-09,NULL,NULL,NULL
790,Lion,1,2019-02-23,NULL,NULL,NULL
791,Marigold,1,2019-04-12,NULL,NULL,NULL
792,Watashi Idol Sengen,1,2019-03-15,NULL,NULL,NULL
793,Agape,1,2019-06-28,NULL,NULL,NULL
794,"Don't say ""lazy""",1,2019-07-12,NULL,NULL,NULL
795,Vidro Moyou,1,2021-10-04,NULL,NULL,NULL
796,Whatever whatever whatever,1,2021-12-23,NULL,NULL,NULL
797,Sennou Sakushu Toranomaki,1,2021-11-23,NULL,NULL,NULL
798,"why, or why not",1,2021-09-06,NULL,NULL,NULL
799,Beyond the light,1,2021-08-01,NULL,NULL,NULL
800,That's Why I Gave Up on Music,1,2021-05-20,NULL,NULL,NULL
801,Sayonara Moratorium,1,2021-04-24,NULL,NULL,NULL
802,Itsumo Kokoni Iru,1,2021-02-19,NULL,NULL,NULL
803,Kuroi Hitsuji,1,2021-02-10,NULL,NULL,NULL
804,Gimme×Gimme,2,2021-02-02,NULL,NULL,NULL
805,Agony,1,2021-01-14,NULL,NULL,NULL
806,Q,1,2020-10-08,NULL,NULL,NULL
807,Otome Dissection,1,2020-09-10,NULL,NULL,NULL
808,I Was Human,1,2020-05-20,NULL,NULL,NULL
809,Heroine Ikusei Keikaku,1,2020-04-22,NULL,NULL,NULL
810,Shining Star,1,2020-03-11,NULL,NULL,NULL
811,Superhero,1,2020-03-04,NULL,NULL,NULL
812,Inochi ni Kirawarete iru.,1,2020-02-19,NULL,NULL,NULL
813,Asagao no Uta,1,2019-10-17,NULL,NULL,NULL
814,HOT LIMIT,1,2019-09-12,NULL,NULL,NULL
815,Viator,1,2019-06-07,NULL,NULL,NULL
816,Utakata Mugen,1,2019-05-08,NULL,NULL,NULL
817,Nameless Prisoner,1,2019-04-18,NULL,NULL,NULL
818,Heart Thermography,1,2019-04-04,NULL,NULL,NULL
819,Intertwined,1,2019-02-16,NULL,NULL,NULL
820,Heart & Trick,1,2019-02-10,NULL,NULL,NULL
821,Just a Sunny Day for You,1,2019-01-26,NULL,NULL,NULL
822,Byoushin o Kamu,1,2019-01-19,NULL,NULL,NULL
823,Tobacco,1,2019-01-12,NULL,NULL,NULL
824,Two Breaths Walking,1,2019-01-02,NULL,NULL,NULL
825,miracle step,1,2018-12-30,NULL,NULL,NULL
826,Orange,1,2018-12-20,NULL,NULL,NULL
827,Seventina,1,2018-12-13,NULL,NULL,NULL
828,Iya Iya-chan no Uta,1,2018-12-08,NULL,NULL,NULL
829,My Dearest,1,2018-12-06,NULL,NULL,NULL
830,only my railgun,1,2018-11-27,NULL,NULL,NULL
831,Sweet Devil,1,2018-11-21,NULL,NULL,NULL
832,Just Be Friends,1,2018-11-15,NULL,NULL,NULL
833,Gamen no nakano kimi ga suki,0,2021-11-14,432cuUsWh4mqkW3DtZMAvk,NULL,NULL
834,JOURNEY to FIND STARS,0,2021-12-26,NULL,NULL,NULL
835,Haairo to Ao,1,2021-12-23,NULL,NULL,NULL
836,Sparkle,1,2019-06-30,NULL,NULL,NULL
837,kimiiro ni somaru,1,2019-10-12,NULL,NULL,NULL
838,The Adult Code,1,2021-01-24,NULL,NULL,NULL
839,Ochame Kinou,1,2020-04-06,NULL,NULL,NULL
840,Onegai Muscle,1,2019-09-08,NULL,NULL,NULL
841,Sashimio,2,2021-08-20,1reEzWR67BbsUltr2fVubs,NULL,NULL
842,Jingle Bell Rock,1,2021-12-23,NULL,NULL,NULL
843,Speed,0,2021-08-14,37IIZhU70VIIy6GqVfl27e,NULL,NULL
844,BAD WORD RAP,2,2021-09-05,NULL,NULL,NULL
845,Nh-Uh-Uh.,1,2021-12-24,NULL,NULL,NULL
846,POP-TALK,0,2021-12-24,2kxdyno7bKnAE7N2heDeGF,NULL,NULL
,Tale of the Deep-sea Lily,1,2020-02-22,NULL,NULL,NULL
,flos,1,2020-08-28,NULL,NULL,NULL
,Shitsuraku Petri,1,2020-12-24,NULL,NULL,NULL
,Hyadain's Jojo Yujo,1,2020-04-01,NULL,NULL,NULL
,Otome Dissection,1,2020-04-06,NULL,NULL,NULL
,Planet Loop,1,2019-10-10,NULL,NULL,NULL
,p.h.,1,2021-07-09,NULL,NULL,NULL
,Cat eye make,1,2021-04-17,NULL,NULL,NULL
,Cute na Kanojo,1,2021-06-12,NULL,NULL,NULL
,Fuwa Fuwa Time,1,2020-10-01,NULL,NULL,NULL
,Nemuru Machi,1,2021-08-28,NULL,NULL,NULL
,Call Boy,1,2021-06-28,NULL,NULL,NULL
,Gehenna,1,2021-10-16,NULL,NULL,NULL
,The Religion of Loneliness,1,2021-09-30,NULL,NULL,NULL
,Setsuna Plus,1,2021-11-18,,,
