id,title,type,release_date,spotify_id,album_id,track_no
1,The sky of early spring,0,2018-01-08,NULL,NULL,NULL
2,Ano Hi Mita Sora,0,2018-01-15,NULL,NULL,NULL
3,The sky of early spring,4,2018-01-19,NULL,NULL,NULL
4,Yumeiro Asterisk,0,2018-01-29,2oSCs755U2KBgoY9lrt1en,2,15
5,Melty Land Nightmare,1,2018-04-30,NULL,NULL,NULL
6,Akanbe,1,2018-05-03,NULL,NULL,NULL
7,Me and You and Everyone!,0,2018-05-15,NULL,NULL,NULL
8,Ano Hi Mita Sora,4,2018-06-01,NULL,NULL,NULL
9,Lion,1,2018-06-08,NULL,NULL,NULL
10,OKAERI,0,2018-07-08,1KAPfqbQYXtL3odJbi5OYX,2,14
11,Kimi to Nagameru Natsu no Hana,0,2018-07-21,6JYiu8ZQ9WxA0ZNkV59AUt,NULL,NULL
12,Solar System Disco,0,2018-07-28,NULL,NULL,NULL
13,Melancholic,1,2018-08-06,NULL,NULL,NULL
14,Blue Bird,1,2018-08-13,NULL,NULL,NULL
15,Cendrillon,1,2018-08-14,NULL,NULL,NULL
16,Sugar Song to Bitter Step,1,2018-08-21,NULL,NULL,NULL
17,The Moon swimming in the sea,1,2018-09-03,NULL,NULL,NULL
18,The Boy and Magic Robot,1,2018-09-20,NULL,NULL,NULL
19,Yumeji Labyrinth,1,2018-09-20,NULL,NULL,NULL
20,Genesis of Aquarion,1,2018-09-24,NULL,NULL,NULL
21,"rain stops, good-bye",1,2018-09-30,NULL,NULL,NULL
22,Ayano's Theory of Happiness,1,2018-10-01,NULL,NULL,NULL
23,Wistful Record,0,2018-10-04,2L4iHhnKqa2up7J9sK6tnZ,2,8
24,PLATONIC GIRL,1,2018-10-08,NULL,NULL,NULL
25,Wistful Record,1,2018-10-09,NULL,NULL,NULL
26,Happy Halloween,1,2018-10-21,NULL,NULL,NULL
27,Brain Fluid Explosion Girl,1,2018-10-25,NULL,NULL,NULL
28,Humorous Dream of Mrs. Pumpkin,1,2018-10-31,NULL,NULL,NULL
29,Melty Land Nightmare,1,2018-11-10,NULL,NULL,NULL
30,Wandering Days,0,2018-11-12,4q4Uzzu5VOOUFLjDDLsruS,2,12
31,Wistful Record,1,2018-11-13,NULL,NULL,NULL
32,Just Be Friends,1,2018-11-15,NULL,NULL,NULL
33,Sweet Devil,1,2018-11-21,NULL,NULL,NULL
34,comet,0,2018-11-22,5ZfIWQXhZdmxRemkyUUqfN,NULL,NULL
35,Geki! Teikoku Kagekidan,1,2018-11-23,NULL,NULL,NULL
36,only my railgun,1,2018-11-27,NULL,NULL,NULL
37,"Ah, It's a Wonderful Cat Life",1,2018-11-30,NULL,NULL,NULL
38,My Dearest,1,2018-12-06,NULL,NULL,NULL
39,Iya Iya-chan no Uta,1,2018-12-08,NULL,NULL,NULL
40,Sonna Ame no Hi ni wa,0,2018-12-12,5DdDt4TKlt4MQLttagznMM,2,10
41,Seventina,1,2018-12-13,NULL,NULL,NULL
42,Umi yori fukai sora no shita,0,2018-12-18,63pZZ3mXw7OVrVAtWo2p7S,2,9
43,Orange,1,2018-12-20,NULL,NULL,NULL
44,Sweets Parade,1,2018-12-21,NULL,NULL,NULL
45,"Please, darling",1,2018-12-24,NULL,NULL,NULL
46,melty world,1,2018-12-24,NULL,NULL,NULL
47,Miracle Paint,1,2018-12-24,NULL,NULL,NULL
48,Shinsekai,1,2018-12-25,NULL,NULL,NULL
49,Love! Snow! Really Magic,1,2018-12-25,NULL,NULL,NULL
50,Snow Song Show,1,2018-12-25,NULL,NULL,NULL
51,BRING IT ON,1,2018-12-26,NULL,NULL,NULL
52,Creating world,0,2018-12-28,4McpnduCLAkgKucCUZ6vXd,NULL,NULL
53,magnet,1,2018-12-29,NULL,NULL,NULL
54,miracle step,1,2018-12-30,NULL,NULL,NULL
55,Alien Alien,1,2019-01-02,NULL,NULL,NULL
56,Two Breaths Walking,1,2019-01-02,NULL,NULL,NULL
57,Dream☆Story,0,2019-01-08,5cNX1K6xEkEvA66SXGSoJP,2,1
58,Blend Caravan,0,2019-01-11,5DtV2QzzsNSl4BCWRHvaFH,2,7
59,Tobacco,1,2019-01-12,NULL,NULL,NULL
60,Heartbeat,0,2019-01-14,40lqvLpMh6iLArDrGe5FZK,4,2
61,Byoushin wo Kamu,1,2019-01-19,NULL,NULL,NULL
62,Just a Sunny Day for You,1,2019-01-26,NULL,NULL,NULL
63,Real Melancholy,0,2019-01-31,4oNWFdj8TaNE38mllY67GH,NULL,NULL
64,Deep Sea Girl,1,2019-02-09,NULL,NULL,NULL
65,Heart & Trick,1,2019-02-10,NULL,NULL,NULL
66,Shine!!,1,2019-02-13,NULL,NULL,NULL
67,Valentine Kiss,1,2019-02-14,NULL,NULL,NULL
68,"Please, darling",1,2019-02-14,NULL,NULL,NULL
69,Indoor Kei nara Trackmaker,1,2019-02-14,NULL,NULL,NULL
70,Milk Tea,1,2019-02-15,NULL,NULL,NULL
71,Intertwined,1,2019-02-16,NULL,NULL,NULL
72,Kotobakaze,0,2019-02-21,3WzrIoCt3Aytl5hKE2uQ6C,2,3
73,Lion,1,2019-02-23,NULL,NULL,NULL
74,Pre-Parade,1,2019-02-25,NULL,1,0
75,Sekai Wa Koi Ni Ochiteiru,1,2019-02-25,4HlUQyhMDDG6Y7Uu4p5rYt,1,1
76,Secret Base ~Kimi ga Kureta Mono~,1,2019-02-25,5ezf020ZofKmCYo3d6OIdF,1,6
77,Felicia,0,2019-02-25,42oyZkYiXbA9E8mIvZCrCS,NULL,NULL
78,My name is elite☆,0,2019-02-26,4b17n5DftDpNlqZ69hoN8l,NULL,NULL
79,I can't control myself,3,2019-02-28,7MDJb5sAGH2r34Az8szO1k,NULL,NULL
80,Two Stars,1,2019-03-03,NULL,NULL,NULL
81,ADAMAS,1,2019-03-07,NULL,NULL,NULL
82,I believe ~Umi no Soko kara~,1,2019-03-10,NULL,NULL,NULL
83,Sweet Magic,1,2019-03-14,NULL,NULL,NULL
84,Watashi Idol Sengen,1,2019-03-15,NULL,NULL,NULL
85,DONUT HOLE,1,2019-03-17,NULL,NULL,NULL
86,Her Trail on the Celestial Sphere,0,2019-03-22,0wTs0OV88H5YZrFX6zN4QJ,NULL,NULL
87,Hikari no Machi,0,2019-03-25,2G5kLObG2RrVG5NUlN2Qqz,NULL,NULL
88,Heroic Heroine,0,2019-03-27,61PoYqknIL31ZCRJtYQq3k,2,2
89,Hoshi no furu ni wa,0,2019-03-27,5KgQ0OyKOdMPVRIIHPOAyW,2,4
90,Saenai Jibun ni Love Song o,0,2019-03-27,3sf7PFQ6ZTVgZVXrefTcMF,2,5
91,IMAGE source,0,2019-03-27,69e0snJrn4F3IvAS8qy5vY,2,6
92,Metro Night,0,2019-03-27,30gwCaYzcU3jhsmSYDan4U,2,11
93,"I love you so much, I think I’m going to cry",0,2019-03-27,56uLtWhFjILLmGIufmcv50,2,13
94,Starry Regrets,0,2019-03-28,6jyBRo78hAwE82UjSIXMYG,NULL,NULL
95,Otome Dissection,1,2019-03-31,NULL,NULL,NULL
96,Ayano's Theory of Happiness,1,2019-04-04,NULL,NULL,NULL
97,Heart Thermography,1,2019-04-04,NULL,NULL,NULL
98,Snow Song Show,1,2019-04-10,NULL,NULL,NULL
99,Sweet Horror Princess,0,2019-04-12,NULL,NULL,NULL
100,Marigold,1,2019-04-12,NULL,NULL,NULL
101,Nameless Prisoner,1,2019-04-18,NULL,NULL,NULL
102,Viva Happy,1,2019-04-22,NULL,NULL,NULL
103,Kunoichi demo Koi ga shitai,1,2019-04-26,NULL,NULL,NULL
104,FICTION,0,2019-04-28,NULL,NULL,NULL
105,BOYS & GIRLS 3.0,0,2019-04-28,NULL,NULL,NULL
106,Inochi,3,2019-04-30,54vgHPOH9dvQJQ1VDDll5C,NULL,NULL
107,Fake.Fake.Fake,3,2019-04-30,2Ry3Dh3961tMDiEztJF2vg,NULL,NULL
108,Wholeheartedly,1,2019-05-05,NULL,NULL,NULL
109,"Goodbye, Ms. Floral Thief",1,2019-05-05,NULL,NULL,NULL
110,Utakata Mugen,1,2019-05-08,NULL,NULL,NULL
111,HAPPY BIRTHDAY,1,2019-05-13,NULL,NULL,NULL
112,Booo!,1,2019-05-25,NULL,NULL,NULL
113,Shit Days,0,2019-05-31,2wZFu4CW38XrzRli6Yby95,NULL,NULL
114,ECHO,1,2019-06-02,NULL,NULL,NULL
115,Viator,1,2019-06-07,NULL,NULL,NULL
116,DANZEN! Futari wa Pretty Cure,1,2019-06-09,NULL,NULL,NULL
117,Do You Want to Build a Snowman?,1,2019-06-19,NULL,NULL,NULL
118,Ai Kotoba,1,2019-06-24,NULL,NULL,NULL
119,Kataomoi,1,2019-06-25,NULL,NULL,NULL
120,Wishing,1,2019-06-28,NULL,NULL,NULL
121,Agape,1,2019-06-28,NULL,NULL,NULL
122,Castle&Dragon Theme Song,3,2019-06-29,NULL,NULL,NULL
123,Sayonara Hero,0,2019-06-30,1ZO9WzyITWRmeUg0nZERCr,NULL,NULL
124,Fansa,1,2019-06-30,NULL,NULL,NULL
125,Sparkle,1,2019-06-30,NULL,NULL,NULL
126,from A to Z,0,2019-07-01,6ATf4wXi52Cewd0BGpkmTW,NULL,NULL
127,Moffu Moffu DE Yoinoja yo,1,2019-07-03,NULL,NULL,NULL
128,Love Song,1,2019-07-08,NULL,NULL,NULL
129,"Don't say ""lazy""",1,2019-07-12,NULL,NULL,NULL
130,Creating World (Jun Kuroda Remix),2,2019-07-17,NULL,NULL,NULL
131,Remote Control,1,2019-07-19,NULL,NULL,NULL
132,Gift,1,2019-07-20,NULL,NULL,NULL
133,Monday's melancholy,1,2019-07-20,NULL,NULL,NULL
134,Summer Color Festival!!!,0,2019-07-20,NULL,NULL,NULL
135,Ai Kotoba III,1,2019-07-25,NULL,NULL,NULL
136,Delusion Tax,1,2019-07-25,NULL,NULL,NULL
137,Manjushage,1,2019-07-26,NULL,NULL,NULL
138,Catch the Moment,1,2019-07-28,NULL,NULL,NULL
139,ERROR,0,2019-07-31,1o1XdW6wzRwDo5FrdTCt9D,NULL,NULL
140,Fansa,1,2019-08-03,NULL,NULL,NULL
141,Yukitoki,1,2019-08-03,NULL,NULL,NULL
142,letter song,1,2019-08-07,NULL,NULL,NULL
143,Brand New Life,0,2019-08-12,6HR1VZNzQyAFZVsA3E8stw,3,1
144,Ne-e...,0,2019-08-12,0hDxNxlhrZTcQHYzG70qqS,3,2
145,April,0,2019-08-12,3yRixKQfFGxn6aFar1m7Zb,3,5
146,March Bossa,0,2019-08-12,4Z8iEw2tDAtHF9Ql4iCPjH,3,6
147,FAMS,0,2019-08-12,6vEOKHxnWEJkQC8FG00VuH,3,7
148,Petit Swing,0,2019-08-12,2Jy60G7IsLazgWYIUSJA68,3,8
149,TOKIWA,0,2019-08-12,0qRHrT4rIM9LThXe8fRksW,3,9
150,Sweeping,0,2019-08-12,4X5DGi4qZsDoa4EseilqnP,3,10
151,Suki Kirai,1,2019-08-14,NULL,NULL,NULL
152,Shiny Smily Story,1,2019-08-16,NULL,NULL,NULL
153,Dadadada Tenshi,1,2019-08-17,NULL,NULL,NULL
154,Onegai Muscle,1,2019-08-19,NULL,NULL,NULL
155,Summer Festival,1,2019-08-23,NULL,NULL,NULL
156,Kimino Shiranai Monogatari,1,2019-08-31,NULL,NULL,NULL
157,Sayoko,1,2019-09-03,NULL,NULL,NULL
158,Ai Kotoba III,1,2019-09-03,NULL,NULL,NULL
159,Summer Festival,1,2019-09-06,NULL,NULL,NULL
160,The Snow White Princess is,1,2019-09-08,NULL,NULL,NULL
161,Onegai Muscle,1,2019-09-08,NULL,NULL,NULL
162,Dramaturgy,1,2019-09-09,NULL,NULL,NULL
163,Stickybug,1,2019-09-11,NULL,NULL,NULL
164,Akari ga yattekita zo,1,2019-09-12,NULL,NULL,NULL
165,HOT LIMIT,1,2019-09-12,NULL,NULL,NULL
166,Shiny Smily Story,0,2019-09-16,7xYhi9aBdlNGM7SXSeXc6n,NULL,NULL
167,Onegai Muscle,1,2019-09-16,NULL,NULL,NULL
168,Ima Suki Ni Naru,1,2019-09-17,NULL,NULL,NULL
169,Sweet Magic,1,2019-09-19,NULL,NULL,NULL
170,Poppy Pappy Day,1,2019-09-24,NULL,NULL,NULL
171,Watashi Idol Sengen,1,2019-09-27,NULL,NULL,NULL
172,Comet Honeymoon,1,2019-09-28,NULL,NULL,NULL
173,Venom,1,2019-09-28,NULL,NULL,NULL
174,Sweet Magic,1,2019-10-01,NULL,NULL,NULL
175,heartbeat from you,1,2019-10-02,NULL,NULL,NULL
176,Sobaniite,1,2019-10-04,NULL,NULL,NULL
177,Fure Fure LOVE,0,2019-10-06,1cMLHIxc8P2RBP7gf0Peva,9,5
178,Hurray Hurray LOVE,0,2019-10-06,2z6fuY0LouVifOjts7lchb,NULL,NULL
179,Hana Dokino Sora (original ver.),0,2019-10-06,NULL,NULL,NULL
180,Marigold,1,2019-10-06,NULL,NULL,NULL
181,Planet Loop,1,2019-10-10,NULL,NULL,NULL
182,Scatman,1,2019-10-12,NULL,NULL,NULL
183,kimiiro ni somaru,1,2019-10-12,NULL,NULL,NULL
184,Asagao no Uta,1,2019-10-17,NULL,NULL,NULL
185,Akatsuki no Kuruma,1,2019-10-25,NULL,NULL,NULL
186,"LiE,LiE,LiE,LiE",0,2019-10-27,5ZaoY79bRYhD9VnYsOMZQn,7,3
187,fragile,1,2019-10-29,3rkc9WlCs3xVxOdRqOVgQF,6,4
188,Akari ga yattekita zo,1,2019-10-29,NULL,NULL,NULL
189,SEKAI HA MEGURI YAGATE KIMI NO MONO NI NARU,0,2019-10-30,3cb8c1t83B5mrLTmQwCWHr,7,7
190,Happy Halloween,1,2019-10-30,NULL,NULL,NULL
191,Humorous dream of Mrs.Pumpkin,1,2019-10-31,NULL,NULL,NULL
192,Happy Halloween,1,2019-10-31,NULL,NULL,NULL
193,NIZI WO KAKENUKETE,0,2019-11-02,4B6ogIdgHcXbxWskocpHZY,7,5
194,KOINO UTA,1,2019-11-02,1v5t5eh6CtP8gAP9bfP7Tl,6,9
195,FRONTIER LOCUS,0,2019-11-02,7zZdlMTqDZUweYiGACSGeq,7,11
196,Kaeritakunatta yo,1,2019-11-02,NULL,6,Bonus
197,Chikatto Chika Chika​,1,2019-11-02,NULL,NULL,NULL
198,CHISANA KOKORO GA KIMETA KOTO,0,2019-11-05,2RVhiR7waMQBjYQ61HH4AP,7,6
199,Atashi Ponkotsu Android,1,2019-11-07,NULL,NULL,NULL
200,Karakuri Pierrot,1,2019-11-09,NULL,NULL,NULL
201,Kakusei,1,2019-11-11,NULL,NULL,NULL
202,without U,0,2019-11-12,6zkl4l1o70KDjF7Rx4iYVp,7,1
203,KOTONOHA,0,2019-11-12,6HZxVFt2e4h2XSuIn0R96f,7,2
204,ZIKO ALLERGIES,0,2019-11-12,2N2FMAOeASnY2tIfWhTmi0,7,4
205,Midnight Song,0,2019-11-12,4aFxx9EU0oU53fUcFebGu9,7,8
206,Reflection,0,2019-11-12,4BicxV5zlcOATkdrdYnpJQ,7,9
207,NONBIRITO、,0,2019-11-12,03Tu5QJGL8bHcRNtYeRWKj,7,10
208,REAL MELANCHOLY - TEMPLINE Remix,2,2019-11-12,4eSgqKapDmj0ZjzKrW4PRn,7,12
209,Starry Regrets - Batsu Remix,2,2019-11-12,0PZUbGo6PwVfV2f4XUcj4y,7,13
210,Say!Fanfare!,0,2019-11-16,4lGK1mI6TxMHMH7BV3Ds0X,NULL,NULL
211,Solar System Disco,1,2019-11-21,NULL,NULL,NULL
212,drop pop candy,1,2019-11-22,NULL,NULL,NULL
213,Souzetsu Gekkou,1,2019-11-27,NULL,NULL,NULL
214,Vital-,0,2019-11-30,NULL,NULL,NULL
215,Yuki no Hana,1,2019-11-30,NULL,NULL,NULL
216,Hakujitsu,1,2019-12-01,NULL,NULL,NULL
217,〇〇〇〇〇,1,2019-12-04,NULL,NULL,NULL
218,Love Trial,1,2019-12-07,NULL,NULL,NULL
219,"Take Me Home, Country Roads",1,2019-12-08,NULL,NULL,NULL
220,Ubiquitous dB,1,2019-12-08,NULL,NULL,NULL
221,Solar System Disco,1,2019-12-09,NULL,NULL,NULL
222,Last Christmas,1,2019-12-12,NULL,NULL,NULL
223,Somehow,1,2019-12-13,NULL,NULL,NULL
224,Raisanka,1,2019-12-14,NULL,NULL,NULL
225,FRIDAY THE 13TH!,1,2019-12-15,NULL,NULL,NULL
226,shounen shoujo moratorium survive,1,2019-12-15,NULL,NULL,NULL
227,We Wish You a Merry Christmas,1,2019-12-16,NULL,NULL,NULL
228,Dango Daikazoku,1,2019-12-18,NULL,NULL,NULL
229,FINE!!,0,2019-12-19,4RKKZ2NYhHmH4fGoTJicQo,8,1
230,Call Our Name,0,2019-12-19,4N7T0VTpF7rpe8ummputn2,8,2
231,Play the Game,0,2019-12-19,3Meh2cyBYiZbNSZjpodkld,8,3
232,Clockwork Clown,1,2019-12-22,NULL,NULL,NULL
233,Blessing,1,2019-12-24,NULL,NULL,NULL
234,Christmas Song,1,2019-12-24,NULL,NULL,NULL
235,All I Want For Christmas Is You,1,2019-12-24,NULL,NULL,NULL
236,Nekoze Punch!!,0,2019-12-25,NULL,NULL,NULL
237,Lonely Christmas,0,2019-12-25,NULL,NULL,NULL
238,Silent Night,1,2019-12-25,NULL,NULL,NULL
239,The Wolf Fell in Love with Little Red Riding Hood,1,2019-12-25,NULL,NULL,NULL
240,Last Christmas,1,2019-12-25,NULL,NULL,NULL
241,Jingle Bells,1,2019-12-26,NULL,NULL,NULL
242,Romeo,1,2019-12-28,NULL,NULL,NULL
243,Kowareyasuki,1,2019-12-29,NULL,NULL,NULL
244,Death Should Not Have Taken Thee!,1,2019-12-30,NULL,NULL,NULL
245,Sorega anata no shiawase to shitemo,1,2019-12-30,NULL,NULL,NULL
246,Ai Kotoba III,1,2020-01-01,NULL,NULL,NULL
247,Matsuriyo Emaki,1,2020-01-02,NULL,NULL,NULL
248,Kusozako Kaisen Sotsugyo! Song,0,2020-01-05,2DcmCoqslijnx5eqSCZFcK,26,1
249,Bitter Choco Decoration,1,2020-01-06,NULL,NULL,NULL
250,Stand by Me,1,2020-01-07,NULL,NULL,NULL
251,The Naniwa Bay Poem,1,2020-01-07,NULL,NULL,NULL
252,Hungry Song,0,2020-01-11,1yeeBEg1ZUcB18SNmhlqIH,26,2
253,Heartbeat (tamu Remix),2,2020-01-14,6WMu3zjCERRm2RnSQNG0au,5,2
254,Gabriel DropKick,1,2020-01-14,NULL,NULL,NULL
255,Watame Lullaby,0,2020-01-16,4RrGoQ83wUbTFIYqINkeiL,26,3
256,Watame Rap,0,2020-01-18,0NQ5gT7OMaKX182p7RTzHY,26,4
257,oath sign,1,2020-01-18,NULL,NULL,NULL
258,Do my best!,1,2020-01-18,NULL,NULL,NULL
259,SENBONZAKURA,1,2020-01-20,NULL,NULL,NULL
260,Fuyuzora Precious,1,2020-01-21,NULL,NULL,NULL
261,Yumemiru Sora He,0,2020-01-24,2OUfahnih3uBdqRCIxjV1m,NULL,NULL
262,Kirameki Rider,0,2020-01-24,3MdKwQmM7jdZapv4hCuqZ0,NULL,NULL
263,Star Sonar,0,2020-01-24,NULL,NULL,NULL
264,I Want to Become a Princess~!,1,2020-01-24,NULL,NULL,NULL
265,Alien Alien,1,2020-01-26,NULL,NULL,NULL
266,ECHO,1,2020-01-29,NULL,NULL,NULL
267,It's My Life,1,2020-01-31,NULL,NULL,NULL
268,Venom,1,2020-02-02,NULL,NULL,NULL
269,Fuyu Biyori,1,2020-02-04,NULL,NULL,NULL
270,Wonderland,0,2020-02-06,50UFxsU1tKy3vjYAshSUJB,9,2
271,Tokyo Teddy Bear,1,2020-02-08,NULL,NULL,NULL
272,"rain stops, good-bye",1,2020-02-11,NULL,NULL,NULL
273,Chocolate Pandemic,0,2020-02-14,NULL,NULL,NULL
274,Valentine Kiss,1,2020-02-14,NULL,NULL,NULL
275,Insensitive Boyfriend,1,2020-02-14,NULL,NULL,NULL
276,Valentine Kiss,1,2020-02-14,NULL,NULL,NULL
277,Pomp and Circumstance,1,2020-02-15,NULL,NULL,NULL
278,Star Sonar,1,2020-02-16,NULL,NULL,NULL
279,The Secret About That Girl,1,2020-02-16,NULL,NULL,NULL
280,Inochi ni Kirawarete iru.,1,2020-02-19,NULL,NULL,NULL
281,YELLOW,1,2020-02-21,NULL,NULL,NULL
282,Tale of the Deep-sea Lily,1,2020-02-22,NULL,NULL,NULL
283,Love Trial,1,2020-02-22,NULL,NULL,NULL
284,Hitorinbo Envy,1,2020-02-26,NULL,NULL,NULL
285,Setsunatheque Code,0,2020-02-27,1wiozX7rNFdZzqk8YNjhYL,9,4
286,World is Mine,1,2020-02-27,NULL,NULL,NULL
287,Ojamajo Carnival!!,1,2020-02-28,NULL,NULL,NULL
288,U.N. Owen Was Her?,1,2020-02-28,NULL,NULL,NULL
289,At God's Mercy,1,2020-02-29,NULL,NULL,NULL
290,Equation of Love,0,2020-03-04,32IJRC9Hb2XsZDYOKcrY9r,9,1
291,Sayonara Blossom,0,2020-03-04,6VpVGAuWisk00Ts1r6qT54,9,3
292,Yukkuri Hashireba Kaze wa Fuku,0,2020-03-04,4YOrvzTBPcsRJAxoCPjIPQ,9,6
293,Superhero,1,2020-03-04,NULL,NULL,NULL
294,Chikyu no uta,1,2020-03-08,NULL,NULL,NULL
295,Cosmology of NyanNyan,1,2020-03-08,NULL,NULL,NULL
296,Discommunication Alien,1,2020-03-09,NULL,NULL,NULL
297,Shining Star,1,2020-03-11,NULL,NULL,NULL
298,TEE TEE Song,0,2020-03-15,7nDWYRPydmYbiNPZc744cv,26,5
299,mirror,0,2020-03-15,2tgBKg7ITxhiaGh0nrINdT,NULL,NULL
300,Pinky Promise,1,2020-03-15,NULL,NULL,NULL
301,Sajou no Roukaku,1,2020-03-16,NULL,NULL,NULL
302,Kabutomushi,1,2020-03-16,NULL,NULL,NULL
303,Kurogane no Moribito,0,2020-03-20,3IfuCvFhv3usch7O8fpPqA,NULL,NULL
304,HIBANA,1,2020-03-21,NULL,NULL,NULL
305,NEXT COLOR PLANET,0,2020-03-22,4WctTheA4bZL1npu0ciOse,NULL,NULL
306,Vermont Kiss,2,2020-03-23,NULL,NULL,NULL
307,Sakurakaze,0,2020-03-27,0iyq2BWl9zXQOM3e03TiDW,NULL,NULL
308,Saikin Shisei wo Kanjimasu,0,2020-03-28,NULL,NULL,NULL
309,Hakujitsu,1,2020-03-29,NULL,NULL,NULL
310,Crazy ∞ nighT,1,2020-03-30,NULL,NULL,NULL
311,unravel,1,2020-03-30,NULL,NULL,NULL
312,Eternity Bright,0,2020-03-31,6gOhnyKi26gqY0JV6jWNM9,NULL,NULL
313,Eternity Bright - LADY'S ONLY Remix,0,2020-03-31,4hvjeHbDA1sPGZOGZP3OoG,NULL,NULL
314,Angelfish,1,2020-03-31,NULL,NULL,NULL
315,Donten Hitsuji,0,2020-04-01,13SCoT26aUQKYe98cRria1,26,7
316,Hyadain's Jojo Yujo,1,2020-04-01,NULL,NULL,NULL
317,Kimagure Romantic,1,2020-04-02,NULL,NULL,NULL
318,At God's Mercy,1,2020-04-04,NULL,NULL,NULL
319,Discommunication Alien,1,2020-04-04,NULL,NULL,NULL
320,Ochame Kinou,1,2020-04-06,NULL,NULL,NULL
321,Otome Dissection,1,2020-04-06,NULL,NULL,NULL
322,yomosugara kimi omou,1,2020-04-10,NULL,NULL,NULL
323,Rain of Cherry Blossom Petals,1,2020-04-10,NULL,NULL,NULL
324,Hikari,0,2020-04-15,0tNoF9SScfaQ4mT0zNXYSq,NULL,NULL
325,Hikari - TEMPLINE Remix,3,2020-04-15,1t2oDujs0LawZVlNXybAyP,NULL,NULL
326,Preserved Roses,1,2020-04-18,NULL,NULL,NULL
327,"DingTalk, Begging for Mercy Online",1,2020-04-21,NULL,NULL,NULL
328,Astronomia,1,2020-04-22,NULL,NULL,NULL
329,Heroine Ikusei Keikaku,1,2020-04-22,NULL,NULL,NULL
330,Country Roads,1,2020-04-26,NULL,NULL,NULL
331,Nandemonaiya,1,2020-04-28,NULL,NULL,NULL
332,Bad Day,1,2020-04-28,NULL,NULL,NULL
333,Neko Naraba Ikeru,0,2020-04-30,3TcJBaZsQcoZ5MXH96SjIW,NULL,NULL
334,Neko Naraba Ikeru (Eimenkensetsu Kabusikigaisya Renovation),2,2020-04-30,68pfStMdk7q0YULKpXXtU2,NULL,NULL
335,Cosmology of NyanNyan,1,2020-05-01,NULL,NULL,NULL
336,Pizza Pasta Pizza no Uta,1,2020-05-02,NULL,NULL,NULL
337,Song of Sketch,1,2020-05-04,NULL,NULL,NULL
338,mawaru sekai to tsumino kajitsu,0,2020-05-05,4GKPRRzdmTmyVqJWk8VrBF,10,1
339,Shachiku no Uta,0,2020-05-09,NULL,NULL,NULL
340,Lemon,1,2020-05-10,NULL,NULL,NULL
341,Small Palms,1,2020-05-14,NULL,NULL,NULL
342,Aozora no Symphony,0,2020-05-15,NULL,NULL,NULL
343,DADDY ! DADDY ! DO !,1,2020-05-15,NULL,NULL,NULL
344,Creating world 2020ver.,4,2020-05-16,NULL,NULL,NULL
345,Shape of You,1,2020-05-20,NULL,NULL,NULL
346,I Was Human,1,2020-05-20,NULL,NULL,NULL
347,Kataomoi,1,2020-05-21,NULL,NULL,NULL
348,without U,2,2020-05-24,NULL,11,2
349,My name is elite☆,2,2020-05-24,NULL,11,18
350,Kotobakaze,2,2020-05-24,NULL,11,28
351,Saga Jihen,1,2020-05-27,NULL,NULL,NULL
352,Mai Mai Mai,1,2020-05-29,NULL,NULL,NULL
353,Spade,0,2020-05-30,NULL,NULL,NULL
354,Intersection,0,2020-05-31,71zJFRKEZihlMS183zxTSL,NULL,NULL
355,Intersection - TOMOYU funkot remix,0,2020-05-31,6Jy0Rhgiq8ZUL3xIUq9OxM,NULL,NULL
356,Ikitekoso,1,2020-05-31,NULL,NULL,NULL
357,Doraemon no Uta,1,2020-06-01,NULL,NULL,NULL
358,Don't Start Now,1,2020-06-02,NULL,NULL,NULL
359,Blessing,1,2020-06-03,NULL,NULL,NULL
360,Watashi Idol Sengen,1,2020-06-08,NULL,NULL,NULL
361,Leia,1,2020-06-09,NULL,NULL,NULL
362,StaRt,1,2020-06-14,NULL,NULL,NULL
363,Colorful World,1,2020-06-14,NULL,NULL,NULL
364,Girlfriend,1,2020-06-14,NULL,NULL,NULL
365,Ai Kotoba III,1,2020-06-14,NULL,NULL,NULL
366,Take me to Heaven,0,2020-06-15,2cI0eoYWczznTHBBD9mUDV,NULL,NULL
367,Take me to Heaven - haretokidoki Remix,0,2020-06-20,2the1JGcW6IibJgFFLd5v4,NULL,NULL
368,Kimi to Nagameru Natsu no Hana,4,2020-06-20,NULL,NULL,NULL
369,Chinese Wedding,1,2020-06-21,NULL,NULL,NULL
370,Uptown Funk,1,2020-06-21,NULL,NULL,NULL
371,Niji Wo Matsu Hito,1,2020-06-22,NULL,NULL,NULL
372,Onegai Muscle,1,2020-06-23,NULL,NULL,NULL
373,Hoihoi☆genso holoism,2,2020-06-26,7t65EWHsVpVkAZb7oPExCV,12,2
374,Captain Marine no ketsu anchor,2,2020-06-26,0vj8Ee5D7HKWIDBQnavw27,12,3
375,Shiawase usagi PekoMikoMarine,2,2020-06-26,5l2VTJVBHjq0hfX07DZXlg,12,5
376,Earphones romance,2,2020-06-26,0cKMvNJhU6SnTIXPnnkxw9,12,7
377,Over the Border,2,2020-06-26,2h48Wre3D2sFx1Dln4aWm8,12,10
378,"Help me, ERINNNNNN!! #Gensokyo holoism ver.",2,2020-06-26,4gZ1kx9EwJ8DF3zFfgmRhm,12,12
379,koi no mahou,1,2020-06-26,NULL,NULL,NULL
380,"Boku no Yume, Mechakuso Mugen Waki",1,2020-06-27,NULL,NULL,NULL
381,Re:Hello world,0,2020-06-28,00RXJeL97djOpsAp0AhFEi,NULL,NULL
382,Champagne day,1,2020-06-28,NULL,NULL,NULL
383,AI WO KOMETE HANATABAWO,1,2020-06-28,NULL,NULL,NULL
384,SHALLYS,0,2020-06-29,1xu1dBZR648ZHJeZbQfrYH,NULL,NULL
385,High range test,1,2020-06-30,NULL,NULL,NULL
386,Alice in N.Y.,1,2020-07-07,NULL,NULL,NULL
387,Bocca della Verità,1,2020-07-07,NULL,NULL,NULL
388,HAACHAMA Channel,0,2020-07-08,NULL,NULL,NULL
389,Aoi yume,0,2020-07-10,5Y9PqecIPSHHFxcCnIahVj,NULL,NULL
390,Aoi yume,2,2020-07-10,6KHxshW8nIVowzB5Y8fkgM,NULL,NULL
391,Universe,1,2020-07-11,NULL,NULL,NULL
392,aimai chocolate,0,2020-07-12,7nA5ImxyE9n02LutkzKwEG,NULL,NULL
393,Hello Hello Nyariansu Ondo,1,2020-07-12,NULL,NULL,NULL
394,HAACHAMA HORROR SONG,0,2020-07-13,NULL,NULL,NULL
395,Alive Factor,1,2020-07-17,NULL,NULL,NULL
396,Let It Go,1,2020-07-17,NULL,NULL,NULL
397,Kyuukyoku Unbalance,1,2020-07-17,NULL,NULL,NULL
398,Young Donuts Song,3,2020-07-22,NULL,NULL,NULL
399,Pieces,0,2020-07-25,NULL,NULL,NULL
400,Sobakasu,1,2020-07-25,NULL,NULL,NULL
401,Racing into the Night,1,2020-07-29,NULL,NULL,NULL
402,Ahoy!! We are Houshou Pirates☆,0,2020-07-30,7gl0IJpIHu1TtNT4hNiv9H,NULL,NULL
403,Hanamuke no Tori,1,2020-07-30,NULL,NULL,NULL
404,Azamina,0,2020-07-31,3xcTZlaN8603Dc4bwq3G8V,13,3
405,Milk and Fruit Song,0,2020-07-31,NULL,NULL,NULL
406,HAACHAMA Rap,0,2020-07-31,NULL,NULL,NULL
407,HAACHAMA-therf*cker,0,2020-08-06,NULL,NULL,NULL
408,True My Heart,1,2020-08-08,NULL,NULL,NULL
409,One Room Sugar Life,1,2020-08-09,NULL,NULL,NULL
410,Ten Little Indians,1,2020-08-10,NULL,NULL,NULL
411,Venus,1,2020-08-11,NULL,NULL,NULL
412,JoJo ~Sono Chi no Sadame~,1,2020-08-12,NULL,NULL,NULL
413,Racing into the Night,1,2020-08-14,NULL,NULL,NULL
414,CHA-LA HEAD CHA-LA,1,2020-08-14,NULL,NULL,NULL
415,Koi no Sankaku Kaiiki SOS,1,2020-08-16,NULL,NULL,NULL
416,Fire◎Flower,1,2020-08-16,NULL,NULL,NULL
417,Telecaster B-Boy,1,2020-08-16,NULL,NULL,NULL
418,MOON PRIDE,1,2020-08-17,NULL,NULL,NULL
419,Guruguru Love Story,0,2020-08-20,7zdMSqDXcP2Lk2aBsWzEw1,16,6
420,Tokyo Summer Session,1,2020-08-25,NULL,NULL,NULL
421,Kiss me! Choose me!,3,2020-08-26,1pmIwrgf3g5Vqb6lUPRPJl,18,1
422,Diamond Crevasse,1,2020-08-26,NULL,NULL,NULL
423,flos,1,2020-08-28,NULL,NULL,NULL
424,#aqua iro palette,0,2020-08-29,1xFQ5lKWILBjqnyX4RgI8d,NULL,NULL
425,Tokyo Summer Session,1,2020-08-30,NULL,NULL,NULL
426,Ghost In A Flower,1,2020-08-31,NULL,NULL,NULL
427,Haachama of meme life rap,0,2020-09-03,NULL,NULL,NULL
428,Sakuranbo Kissu ~bakuhatsu da mo n~,1,2020-09-04,7FTvXo3OLwD3lOmaIb4Ad6,18,2
429,Me-Gumi no Hito,1,2020-09-08,NULL,NULL,NULL
430,Otome Dissection,1,2020-09-10,NULL,NULL,NULL
431,Kawaikunaritai,1,2020-09-10,NULL,NULL,NULL
432,The Song of a Broken/Loved Youkai Who Loved a Human,1,2020-09-11,NULL,NULL,NULL
433,Reaper or Rapper? Introduction Rap,0,2020-09-12,5hv7Kq6CGGI9tkoT8yZZKs,14,1
434,"Excuse My Rudeness, But Could You Please RIP?♡",0,2020-09-12,4luSvNPtu6emYsaTOHrguR,14,2
435,Angel,1,2020-09-13,NULL,NULL,NULL
436,DEAD BEATS,0,2020-09-15,3ZkYgSk8cIqOlvBlK7IV6C,14,3
437,Kaede,1,2020-09-15,NULL,NULL,NULL
438,Live Again,0,2020-09-16,4Xnuh5fEHbHpxI3leaQSLN,14,4
439,summertime,1,2020-09-16,NULL,NULL,NULL
440,Leaf ticket,1,2020-09-18,63SpHN01K80ltGgKLJgFm8,18,3
441,KING,1,2020-09-19,NULL,NULL,NULL
442,Collage,1,2020-09-20,NULL,NULL,NULL
443,Say It.,1,2020-09-20,NULL,NULL,NULL
444,Kurenai Kuronikuru,0,2020-09-22,4IhnQGvDwpEdgb2UhwiuAy,15,1
445,Kurenai Kuronikuru,0,2020-09-22,5mnW0ffyv120edhWU8dOec,15,2
446,Kurenai Kuronikuru,0,2020-09-22,5ieVHZCk5UFYJEaAgTcOu4,15,3
447,We Will Rock You,1,2020-09-22,NULL,NULL,NULL
448,Hotto Dogu,1,2020-09-23,NULL,NULL,NULL
449,Just a Sunny Day for You,1,2020-09-27,NULL,NULL,NULL
450,Turing Love,1,2020-09-27,NULL,NULL,NULL
451,Fuwa Fuwa Time,1,2020-10-01,NULL,NULL,NULL
452,Bomber King,1,2020-10-01,NULL,NULL,NULL
453,as × sist ~amaebetana watashinarini~,1,2020-10-02,3g15iT1w3eqGtn9fOzsJ1E,18,4
454,Bersama Ioforia,0,2020-10-02,NULL,NULL,NULL
455,Q,1,2020-10-08,NULL,NULL,NULL
456,Can you say hololive members?,0,2020-10-10,1trNMFcMvBIoQF6t5RGADP,26,6
457,Watashi no Tenshi,1,2020-10-10,NULL,NULL,NULL
458,Hacha-Mecha Miracle,3,2020-10-11,3TNNvyjwcHpqmo0RYqgQtk,NULL,NULL
459,Kimagure Mercy,1,2020-10-11,NULL,NULL,NULL
460,Step and Go!!,0,2020-10-15,4dSOK8YkObmw2nho0VzypR,16,1
461,Imperial Girl,1,2020-10-15,NULL,NULL,NULL
462,KAZE FUKEBA KOI,1,2020-10-17,1Mo0KZeSj3K10vrOvGRBIF,17,7
463,365 NICHINO KAMIHIKOUKI,1,2020-10-18,5zHOvhdrIUrDnHowyQiu8X,17,11
464,Monday's melancholy,1,2020-10-18,NULL,NULL,NULL
465,KOINO TSUBMI,1,2020-10-19,5B3aQHbgL4Wrt8EFojsTYQ,17,6
466,Gurenge,1,2020-10-19,NULL,NULL,NULL
467,HASHIRE,1,2020-10-20,5gO8TKbeRqN9fJH8VDdX4x,17,12
468,Chu-Chu-Lu,0,2020-10-21,0xnijDkP0OIrguZqcjyHdj,16,2
469,Rea/Remo Sympathizer,0,2020-10-21,6NoRn0wecNfGhRFfxKP1hg,16,3
470,Blueberry Moon,0,2020-10-21,3o6yWk8vPhq5mCudxpIi88,16,4
471,Sora Matsuri,0,2020-10-21,3cSA2CmSOHxUpIx1PmU0sb,16,5
472,Let's Dance! Maimai Time,0,2020-10-21,245o74jaAOpV3vNWzYX4Oa,16,7
473,Aozora no Symphony,0,2020-10-21,3KlvttL0IoLsmBsoolCQKv,16,8
474,Platinum Disco,1,2020-10-21,NULL,NULL,NULL
475,"Halloween Night, Tonight!",0,2020-10-22,3eRKkPO7ykGf1kRq8YmZm5,NULL,NULL
476,Oogeo Diamond,1,2020-10-23,NULL,17,0
477,Stay Alive,1,2020-10-24,NULL,NULL,NULL
478,For The Win,3,2020-10-26,NULL,NULL,NULL
479,Take Over,1,2020-10-26,NULL,NULL,NULL
480,allegretto ~Sora to kimi~,1,2020-10-30,17dF8cRTH4bucZtuwg2zT4,18,6
481,THE SIXTH SENSE,1,2020-10-30,NULL,NULL,NULL
482,Surprise Paradise!,0,2020-10-31,NULL,NULL,NULL
483,Crazy Party Night,1,2020-10-31,NULL,NULL,NULL
484,Tonight in this Moonlit Mansion,1,2020-10-31,NULL,NULL,NULL
485,Chiisana Koi no Uta,1,2020-10-31,NULL,NULL,NULL
486,Cursed Night,0,2020-11-01,5w2OzFwcgTjQ5bhk50wnkp,NULL,NULL
487,Tsuki Akari,1,2020-11-01,NULL,NULL,NULL
488,Asamade Halloween,1,2020-11-01,NULL,NULL,NULL
489,Title nante Jibun de Kangaenasaina,1,2020-11-03,NULL,NULL,NULL
490,~The Endia & The Knights~,1,2020-11-14,NULL,NULL,NULL
491,KING,1,2020-11-15,NULL,NULL,NULL
492,Pekomiko Daisensou!,3,2020-11-16,59sDEmq3wQFTXYIgfZcHxm,NULL,NULL
493,Uta ni Katachi wa Nai Keredo,1,2020-11-17,NULL,NULL,NULL
494,Summer no Hashi Kisui,0,2020-11-18,NULL,NULL,NULL
495,Aikotoba III,1,2020-11-19,NULL,NULL,NULL
496,Ievan Polkka,1,2020-11-20,NULL,NULL,NULL
497,FEEL ALiVE,0,2020-11-25,17c6fuarzTddgjauBsPF67,NULL,NULL
498,HINOTORI,0,2020-11-26,3jqKl9SxBn758kMQHl5mMu,NULL,NULL
499,Cream+Mint,1,2020-11-27,36aupT2lVBKXhF1j4xRwiY,18,5
500,Kiss me! Choose me!,3,2020-11-27,0Qr2B67UU8PtjMjsvVL8ps,18,7
501,Kiss me! Choose me!,3,2020-11-27,4qi6dRpd6ScV16HmDQnV0T,18,8
502,Kiss me! Choose me!,3,2020-11-27,7jR0vZOqbcUYxOitz1o2H9,18,9
503,Unmei no Arika,0,2020-12-01,2Z1ikOELTCeMkbelR75MsM,19,1
504,Eternity Bright,4,2020-12-01,0nSU1ZcEo3tpK0ixVJPalE,19,2
505,petal dance,0,2020-12-01,4fYi7QYQBgblXCeiH55SZ1,19,3
506,Rotate repeated,0,2020-12-01,31lqNUZ7RWoX3si9PpH4iX,19,4
507,yamanai ame,0,2020-12-01,2ymDqGhITa01CyZrLHPKhs,19,5
508,Aoi yume,4,2020-12-01,15SehJFluldtp89JlWxBUH,19,6
509,hikari,4,2020-12-01,5NmnidnbXam7jh5ETjVn6m,19,7
510,time capsule,0,2020-12-01,5VNn86pLAV8GZduvwwOJvM,19,8
511,Intersection,4,2020-12-01,4TYmQp63NuPzQiSEHsBk2t,19,9
512,Take me to Heaven,4,2020-12-01,1seLNY12hxFhwpJ3lqYPxt,19,10
513,Neko Naraba Ikeru,4,2020-12-01,1jGz6lWlSGb3R0Ycb1hxsM,19,11
514,hakkotai sorasaikuru,0,2020-12-01,1o7fBDprDWomgehcrf2vbU,19,12
515,in this world,0,2020-12-01,2F7Dl3LGjYqNLJrNBkFn8H,19,13
516,Kimagure Romantic,1,2020-12-02,NULL,NULL,NULL
517,Caramelldansen,1,2020-12-04,NULL,NULL,NULL
518,Seishoujo Ryouiki,1,2020-12-04,NULL,NULL,NULL
519,okochama sensou,1,2020-12-08,NULL,NULL,NULL
520,WILD CHALLENGER,1,2020-12-10,NULL,NULL,NULL
521,HAACHAMA HORROR SONG,4,2020-12-10,NULL,NULL,NULL
522,HAACHAMA COOKING SONG♪,0,2020-12-12,NULL,NULL,NULL
523,REDHEART,0,2020-12-21,NULL,NULL,NULL
524,Christmas Song,1,2020-12-21,NULL,NULL,NULL
525,BLUE CLAPPER,0,2020-12-22,1EONfP99BgdGCImzYVIoL0,NULL,NULL
526,Can You Do the hololive? Beyond the Stage ver.,2,2020-12-22,NULL,NULL,NULL
527,Suteki na Holiday,1,2020-12-22,NULL,NULL,NULL
528,Sakurairo High Tension!,3,2020-12-23,4Sv9B74oTlqb25CjbjqXyj,NULL,NULL
529,That's Why I Gave Up on Music,1,2020-12-23,NULL,NULL,NULL
530,Shitsuraku Petri,1,2020-12-24,NULL,NULL,NULL
531,Holy Angel's Carol,1,2020-12-25,NULL,NULL,NULL
532,HOLOGRAM CIRCUS,0,2020-12-26,4EjvFjvMDwR9WOEbUvNNM6,NULL,NULL
533,Turing Love,1,2020-12-27,NULL,NULL,NULL
534,Donten Hitsuji ft. Mori Calliope,0,2020-12-29,4QkL5I1AMAhy7RKTlSXJgm,26,9
535,Hyakka Ryoran Hanafubuki,0,2020-12-29,3vHl8WrgUt9d3WfH7sh89J,NULL,NULL
536,Oshogatsu,1,2020-12-30,NULL,NULL,NULL
537,SHIJOSHUGI ADTRUCK,0,2021-01-07,3rRkDjqEy2n8Qi930AjiSF,NULL,NULL
538,KING,1,2021-01-10,NULL,NULL,NULL
539,PEKORANDOMBRAIN,0,2021-01-12,7hpm9mbhu3t6h24KUnk4EU,NULL,NULL
540,Candy-Go-Round,0,2021-01-12,1k74br8TbJlTSLR5Ej2OYH,NULL,NULL
541,If You're Happy and You Know It,1,2021-01-12,NULL,NULL,NULL
542,Agony,1,2021-01-14,NULL,NULL,NULL
543,Turing Love,1,2021-01-16,NULL,NULL,NULL
544,Kousui,1,2021-01-18,NULL,NULL,NULL
545,DAILY DIARY,0,2021-01-19,1Kv0TRlYrDeYLP0q2vNO4W,NULL,NULL
546,Turing Love,1,2021-01-20,NULL,NULL,NULL
547,BLOODY STREAM,1,2021-01-20,NULL,NULL,NULL
548,Iris,0,2021-01-22,63m3cFmjuYTZTjuIqUW3RJ,NULL,NULL
549,The Adult Code,1,2021-01-24,NULL,NULL,NULL
550,Suspect,0,2021-01-27,1R0TzCHCkRpgWloQCn7Mh8,NULL,NULL
551,Autophagy,1,2021-01-27,NULL,NULL,NULL
552,PoPiPo,1,2021-01-27,NULL,NULL,NULL
553,Stickybug,1,2021-01-28,NULL,NULL,NULL
554,Ranbu no Melody,1,2021-01-29,NULL,NULL,NULL
555,"Love me, Love me, Love me",1,2021-01-29,NULL,NULL,NULL
556,Next Wednesday,1,2021-01-31,NULL,NULL,NULL
557,Off With Their Heads,0,2021-02-01,1ffXf7HjLCHvNZngkQpGTR,NULL,NULL
558,STARDUST SONG,0,2021-02-02,3vWX279BsItDt7AkfZavDh,NULL,NULL
559,Gimme×Gimme,2,2021-02-02,NULL,NULL,NULL
560,Kyo no Hi wa Sayonara,1,2021-02-06,NULL,NULL,NULL
561,Dreaming Days,0,2021-02-09,1x3JbGn6JWHZ2WsB6yGORQ,NULL,NULL
562,Kuroi Hitsuji,1,2021-02-10,NULL,NULL,NULL
563,Heart Challenger,0,2021-02-14,2fiQvKdhpAiK1kMCT0gP8n,NULL,NULL
564,Melty ♡ Kitchen,1,2021-02-14,NULL,NULL,NULL
565,Sweet Magic,1,2021-02-14,NULL,NULL,NULL
566,Gimme chocolate!!,1,2021-02-14,NULL,NULL,NULL
567,Kojirase Valentine,0,2021-02-14,NULL,NULL,NULL
568,Sweet Magic,1,2021-02-14,NULL,NULL,NULL
569,Gimme Chocolate!!,1,2021-02-14,NULL,NULL,NULL
570,Sweet Magic,1,2021-02-14,NULL,NULL,NULL
571,Korone Raiser InuMore!,0,2021-02-15,NULL,NULL,NULL
572,Ai no Chiisana Uta,0,2021-02-16,4Wy608HFquXPR07e1Ou6jk,NULL,NULL
573,Dreaming Days - Bouquet ver.,4,2021-02-17,21DOxXrGHbLBFSyGfWZQy4,20,1
574,BLUE CLAPPER - Bouquet ver.,4,2021-02-17,3CFCUP6V7oidZBMLqcv6Yl,20,2
575,SHIJOSHUGI ADTRUCK - Bouquet ver.,4,2021-02-17,1AEJAoSAxJ0CAxDJPZ0FBq,20,3
576,STARDUST SONG - Bouquet ver.,4,2021-02-17,4Ju04xI4CsKZ3JfO2saKeV,20,4
577,Hyakka Ryoran Hanafubuki - Bouquet ver.,4,2021-02-17,55yuVCE9xw1ABkgwSNHDYU,20,5
578,DAILY DIARY - Bouquet ver.,4,2021-02-17,153ZefNED7ldVhCBBzQtmM,20,6
579,"Halloween Night, Tonight! - Bouquet ver.",4,2021-02-17,2HwGr1kk27kfaUEH40BLUv,20,7
580,Suspect - Bouquet ver.,4,2021-02-17,37OcLjDuiayFXwS66yE1Fm,20,8
581,Candy-Go-Round - Bouquet ver.,4,2021-02-17,15s8k2oQs8A8nXrXZTu4Ri,20,9
582,AsuiroClearSky - Bouquet ver.,4,2021-02-17,6LqzhimW8t59ddQmX0vmjk,20,10
583,Precious Photographs - Bouquet ver.,4,2021-02-17,6np33RhfYDH7HR4JQ7f2TC,20,11
584,Shiny Smily Story - Bouquet ver.,4,2021-02-17,2OZDpwQYrEUDYZPbywxZNK,20,12
585,Yumemiru Sora He - Bouquet ver.,4,2021-02-17,0VYTbsHzYEW35c6UOvcE85,20,13
586,Kirameki Rider - Bouquet ver.,4,2021-02-17,4qA49NKsaS4LL0tW4jMEsl,20,14
587,AsuiroClearSky,0,2021-02-17,7vFLpDNA59QTKBpYjoFQnR,NULL,NULL
588,Heroine Audition,0,2021-02-18,0oT6RstdSt2H9WW9vDVPTm,NULL,NULL
589,KING,1,2021-02-18,NULL,NULL,NULL
590,Itsumo Kokoni Iru,1,2021-02-19,NULL,NULL,NULL
591,e-ma e-ma,3,2021-02-20,NULL,NULL,NULL
592,e-ma e-ma,3,2021-02-20,NULL,NULL,NULL
593,e-ma e-ma,3,2021-02-20,NULL,NULL,NULL
594,Baby I Love You,1,2021-02-21,NULL,NULL,NULL
595,Mogu Mogu YUMMY!,0,2021-02-22,5u1D5cZgbEPioXPVlRQkrq,NULL,NULL
596,Nekomata Okayu Happy Birthday Celebration Video From Korone Part 2,0,2021-02-22,NULL,NULL,NULL
597,Gimme Ginmi virtual Saiko star!!!!,3,2021-02-25,1QR8AChBaE3OKDlPB0uFdc,NULL,NULL
598,Palette,0,2021-02-26,1hLWGQJDCPMmEMJ3cPxMqE,NULL,NULL
599,Hikaru Nara,1,2021-02-28,NULL,NULL,NULL
600,NENENENENENENENE!DAIBAKUSOU,0,2021-03-03,0r0YcSNnUtkYHoiRoV6Z9z,NULL,NULL
601,Stickybug,1,2021-03-03,NULL,NULL,NULL
602,Where I Belong,3,2021-03-07,2bQU3PVpYEpos1J2vYKMdT,NULL,NULL
603,KING,1,2021-03-11,NULL,NULL,NULL
604,Usseewa,1,2021-03-12,NULL,NULL,NULL
605,Ochame Kinou,1,2021-03-13,NULL,NULL,NULL
606,Lively Bopping to Death’s Knocking,0,2021-03-14,5FNTCdB75khaBJcaMqdohc,21,1
607,Krispy Fry-fry Party,0,2021-03-14,4XF880SewA3IC1i7h9CIeP,21,2
608,Kanalumi,0,2021-03-14,2MNHXl3V9GeHwJpzTsvVHi,21,3
609,Sharkventure!!,0,2021-03-14,4tX8tHJxTOZ0Dd9At2UIs8,21,4
610,Misteavous Myth-buster,0,2021-03-14,4DOn2rVGWjv2cludaoNnLD,21,5
611,KumoHurray!,0,2021-03-15,5uwVPy5HQSagarEVj4emPd,NULL,NULL
612,Hana Dokino Sora,2,2021-03-16,NULL,NULL,NULL
613,"I love you so much, I think I’m going to cry",2,2021-03-17,NULL,NULL,NULL
614,Tsuki to Taiyou no Meguri,1,2021-03-23,NULL,NULL,NULL
615,spiral tones,0,2021-03-25,6T1Fh5bxr1nRVKsGCAPxUq,NULL,NULL
616,Archive,0,2021-03-25,5QexzekFLgMpyfm29GC5Qh,NULL,NULL
617,Azamina (K's Remix),2,2021-03-28,NULL,22,0
618,Unmei no Arika,2,2021-03-28,NULL,22,2
619,Azamina,2,2021-03-28,NULL,22,18
620,Sorairo Days,1,2021-03-30,NULL,NULL,NULL
621,Smile & Go!!,0,2021-04-02,3TMbjA47i9F28HY4qgsAdK,NULL,NULL
622,The Grim Reaper is a Live-Streamer,0,2021-04-04,6i3It0rVKEvoaTkzIxGOpg,23,1
623,Red,0,2021-04-04,3h8efEQ3MsDESpfeKX1JI4,23,2
624,guh,0,2021-04-04,1rae8blMgdy6WQgZAHxRXN,23,3
625,IJIMEKKO Bully,0,2021-04-04,1Mt287tRgGUKQtB885KHhF,23,4
626,Empress (Calliope ver.),1,2021-04-04,NULL,23,5
627,id:entity voices,0,2021-04-06,1tOyALwEUlV1VxHEkiDprF,NULL,NULL
628,id:entity voices (Japanese Ver.),0,2021-04-06,1A2KmhNE9OESMcuRLkGA67,NULL,NULL
629,GHOST,0,2021-04-13,6Ft1XuvNszzYKUzWYK67VR,NULL,NULL
630,SAIKYO TENSAI WONDERFUL WORLD of KORONE,0,2021-04-14,5MoMUFInCNPVe0MgIlnUXs,NULL,NULL
631,Cat eye make,1,2021-04-17,NULL,NULL,NULL
632,The Vampire,1,2021-04-18,NULL,NULL,NULL
633,Lunch with me,0,2021-04-19,3JuQ0RD86HG61yrYofWfOD,NULL,NULL
634,Gira Gira,1,2021-04-19,NULL,NULL,NULL
635,Yonayonayona,1,2021-04-22,NULL,NULL,NULL
636,Magical☆Tokki Theme Song,0,2021-04-24,NULL,NULL,NULL
637,Sayonara Moratorium,1,2021-04-24,NULL,NULL,NULL
638,Lect City,0,2021-04-25,NULL,24,2
639,Lect City -InstMix-,2,2021-04-25,NULL,24,11
640,Gacha Gacha Hertz,1,2021-04-25,NULL,NULL,NULL
641,Secret Daybreak,1,2021-04-26,NULL,NULL,NULL
642,KING,1,2021-04-29,NULL,NULL,NULL
643,Speed,0,2021-04-30,37IIZhU70VIIy6GqVfl27e,NULL,NULL
644,Good-bye sengen,1,2021-04-30,NULL,NULL,NULL
645,Dreaming Days - Midnight ver.,2,2021-05-01,4RJBxUR8eepeSpjxC7ITip,25,1
646,BLUE CLAPPER - Midnight ver.,2,2021-05-01,4N68I8cUi8lJ7vUrFblWGy,25,2
647,SHIJOSHUGI ADTRUCK - Midnight ver.,2,2021-05-01,5HgY4MglaT7ySTypVn10p2,25,3
648,STARDUST SONG - Midnight ver.,2,2021-05-01,3J4IovggAGkrRRGAJy5QVw,25,4
649,Hyakka Ryoran Hanafubuki - Midnight ver.,2,2021-05-01,0NyEpyn8lGCo5aZ6IzDmUZ,25,5
650,DAILY DIARY - Midnight ver.,2,2021-05-01,5G5VJ7ucw59XGTP2xFLzd1,25,6
651,"Halloween Night, Tonight! - Midnight ver.",2,2021-05-01,399dE5GZ0yGN7nNsN3pA8X,25,7
652,Suspect - Midnight ver.,2,2021-05-01,0jREB08ILwERtLq7PXfUsu,25,8
653,Candy-Go-Round - Midnight ver.,2,2021-05-01,4g0dh8fckmoSNoUXWFUIBZ,25,9
654,AsuiroClearSky - Midnight ver.,2,2021-05-01,3chVhtohXb5vZsd4ySqFZQ,25,10
655,Precious Photographs - Midnight ver.,2,2021-05-01,1J7w0pofTbFRh22jGxs4BJ,25,11
656,Shiny Smily Story - Midnight ver.,2,2021-05-01,5xWuFe8LDWC8aFUV8QS1Hd,25,12
657,Yumemiru Sora He - Midnight ver.,2,2021-05-01,251Bi3Cjc7tqkEleo4hiKC,25,13
658,Kirameki Rider - Midnight ver.,2,2021-05-01,4klY8lqMVbaLYNB1dZjpNj,25,14
659,Kimi wa Boku ni Niteiru,1,2021-05-01,NULL,NULL,NULL
660,Kiss Shite,1,2021-05-02,NULL,NULL,NULL
661,KING,1,2021-05-08,NULL,NULL,NULL
662,Nyanyanyanyanyanyanya!,1,2021-05-09,NULL,NULL,NULL
663,Seishoujo Ryouiki,1,2021-05-13,NULL,NULL,NULL
664,Juggernaut,1,2021-05-14,NULL,NULL,NULL
665,Plasmagic Seasons!,0,2021-05-15,0lom7KdzUyMlMBzzIyS5gn,NULL,NULL
666,MKDR (DSCF),1,2021-05-19,NULL,NULL,NULL
667,That's Why I Gave Up on Music,1,2021-05-20,NULL,NULL,NULL
668,Dawn Blue,0,2021-05-21,4hKvx9VUiH4sDJcNLscuTO,NULL,NULL
669,Envy Baby,1,2021-05-22,NULL,NULL,NULL
670,Good-bye sengen,1,2021-05-22,NULL,NULL,NULL
671,Compared Child,1,2021-05-26,NULL,NULL,NULL
672,Ugoku Ugoku,1,2021-05-29,NULL,NULL,NULL
673,aimai chocolate,4,2021-05-31,17FIVd29lYaR5Dy37Dz5zZ,26,8
674,Infinity,0,2021-06-03,NULL,NULL,NULL
675,Naisho no Hanashi,1,2021-06-05,NULL,NULL,NULL
676,Aniki he,0,2021-06-06,NULL,NULL,NULL
677,"Reincarnation Ascension ""Ten Sho Sho Ten Sho""",1,2021-06-10,NULL,NULL,NULL
678,The Vampire,1,2021-06-12,NULL,NULL,NULL
679,Cute na Kanojo,1,2021-06-12,NULL,NULL,NULL
680,GETCHA!,1,2021-06-15,NULL,NULL,NULL
681,The Vampire,1,2021-06-19,NULL,NULL,NULL
682,Reflect,0,2021-06-21,0B96zn11fA3apNGZqERmPO,NULL,NULL
683,Mask,0,2021-06-22,NULL,27,1
684,Chase for Leica,0,2021-06-22,NULL,27,2
685,Exit from basement,0,2021-06-22,NULL,27,3
686,The monologues,0,2021-06-22,4JvgWmOCUwQGbZPIAKMfaF,27,4
687,Spinning Sky Rabbit,1,2021-06-22,NULL,NULL,NULL
688,Kiseki knot,0,2021-06-25,5O3zXdlwLUhMzYtJMQJEZ3,NULL,NULL
689,Bluerose,0,2021-06-25,5YXDX6cSlv97HEIRJYF6NE,NULL,NULL
690,Perhaps I'll be able to become the Sun,1,2021-06-25,NULL,NULL,NULL
691,Just Follow Stars,0,2021-06-27,0JnPGtuC6WvtIrulXBIfZJ,NULL,NULL
692,Weather Hackers☆,0,2021-06-27,NULL,NULL,NULL
693,Call Boy,1,2021-06-28,NULL,NULL,NULL
694,BLACK SHOUT,1,2021-06-29,NULL,NULL,NULL
695,Melody For You,0,2021-06-30,00CTwyWPLXYjc2bPfZ4ZLE,NULL,NULL
696,Easter Carnival,1,2021-06-30,NULL,NULL,NULL
697,Colors,1,2021-07-01,NULL,NULL,NULL
698,Taiyou Shoujo,0,2021-07-02,5G7I2orIMZIWHr6xqZDssO,33,2
699,Akari ga yattekita zo,1,2021-07-05,NULL,NULL,NULL
700,Yellow Vacation,1,2021-07-06,NULL,NULL,NULL
701,SPARKS,0,2021-07-07,46scODShYFATHbLfLE0dr1,NULL,NULL
702,Run,0,2021-07-09,57aMnr5dXnGcmBoWU5vXuN,NULL,NULL
703,"sweet night, sweet time…",0,2021-07-09,0gwrycZF40lOqwF9cwLwGj,41,NULL
704,p.h.,1,2021-07-09,NULL,NULL,NULL
705,Caesura of Despair,0,2021-07-11,6QVpYEdrtbNgraup4j7Z2j,28,1
706,diorama,0,2021-07-11,2KURKfI9nOUQcQMCaSsxxx,28,2
707,HERE COMES HOPE,0,2021-07-11,413waXVdYeWc1iqx68Dmpm,28,3
708,diorama (attacca ver.),2,2021-07-11,2TgzdtprmqLiGKKfJ39ci2,28,4
709,Sanji Juunihun,0,2021-07-14,26jQE4o0tM9onEoI4ylGOV,39,4
710,Youkoso! Sweet Carnival!,3,2021-07-15,NULL,NULL,NULL
711,Onegai Muscle,1,2021-07-15,NULL,NULL,NULL
712,Absolute 5,1,2021-07-17,NULL,NULL,NULL
713,Good-bye sengen,3,2021-07-18,NULL,NULL,NULL
714,Renai Circulation,1,2021-07-18,NULL,NULL,NULL
715,Mihata no Moto ni,1,2021-07-20,NULL,NULL,NULL
716,HiHi High Tension！,0,2021-07-22,4B5Ut0G50k2ho8K7CM8ppC,NULL,NULL
717,Loser Girl,1,2021-07-25,NULL,NULL,NULL
718,Ode to an Eternal Future,0,2021-07-26,5Q8VhvqBt5DWDYKgPwGQ7T,41,8
719,Shoujorei,1,2021-07-27,NULL,NULL,NULL
720,Summertime Record,1,2021-07-30,NULL,NULL,NULL
721,Music Hour,1,2021-07-30,NULL,NULL,NULL
722,Odo,1,2021-07-31,NULL,NULL,NULL
723,Beyond the light,1,2021-08-01,NULL,NULL,NULL
724,Say!Fanfare! - Sunshine ver.,2,2021-08-02,1C1dylFuXRvPwj5KQRgzm2,29,1
725,Smile & Go!! - Sunshine ver.,2,2021-08-02,6Eq01tUI3DFvR1qIG7T71E,29,2
726,Candy-Go-Round - Sunshine ver.,2,2021-08-02,3qFOqalywso0m78u55TI5s,29,3
727,Plasmagic Seasons! - Sunshine ver.,2,2021-08-02,7tCHctZ4WMBPLYg8oyZJZu,29,4
728,Kirameki Rider - Sunshine ver.,2,2021-08-02,1ZzH9jbB5tQeN47ykM6yNi,29,5
729,DAILY DIARY - Sunshine ver.,2,2021-08-02,6YEFqbItXGAVFDf3msE1Uj,29,6
730,PEKORANDOMBRAIN - Sunshine ver.,2,2021-08-02,7xzMa2N3JxXCmNWdXvRRsD,29,7
731,Heroine Audition - Sunshine ver.,2,2021-08-02,56g9zxVoZyDtSUe3dKeyXC,29,8
732,Lunch with Me - Sunshine ver.,2,2021-08-02,4qYrOdoiuyvxqE11xyHlM1,29,9
733,Yumemiru Sora He - Sunshine ver.,2,2021-08-02,01O9QQ3Q797F2v7SHxOsg6,29,10
734,VIOLET,0,2021-08-05,7dZaYDrwG1GB88BlHS99vr,NULL,NULL
735,Robotic Girl,1,2021-08-07,NULL,NULL,NULL
736,Monster,1,2021-08-07,NULL,NULL,NULL
737,Moon-viewing recital,1,2021-08-07,NULL,NULL,NULL
738,Stellar Stellar,0,2021-08-08,6OC9BOO9qGXQARZGWb8rqy,32,1
739,Ghost In A Flower,1,2021-08-08,NULL,NULL,NULL
740,KAISOU RESSHA,0,2021-08-09,6wpqPONVVn3uqt5yGhmOYa,NULL,NULL
741,Unison,0,2021-08-11,5erw0k8hLca8iP36AhFMsE,NULL,NULL
742,Good Morning Song,0,2021-08-11,6FN9eSiTS44CA0yhML17l0,41,1
743,Sasakure Kinema,0,2021-08-11,NULL,NULL,NULL
744,Crash!,0,2021-08-12,NULL,NULL,NULL
745,momonone,0,2021-08-13,2urajilHUT6eFDp4RSbzjV,NULL,NULL
746,Cry Baby,1,2021-08-13,NULL,NULL,NULL
747,Lioness' Pride,0,2021-08-14,3uUqVWJfaRpaj3b0EgrOsS,NULL,NULL
748,Speed,0,2021-08-14,37IIZhU70VIIy6GqVfl27e,NULL,NULL
749,The Vampire,1,2021-08-15,NULL,NULL,NULL
750,Po,0,2021-08-16,0dx3ntI5kOq8gmqwt1kikE,NULL,NULL
751,MAGE OF VIOLET,0,2021-08-17,5iGczddK13Dr8vL8NIW6cQ,NULL,NULL
752,SelfishDazzling,3,2021-08-17,0Uscki5AtDPNsosWA6S2xN,NULL,NULL
753,summertime,1,2021-08-18,NULL,NULL,NULL
754,Tokusya-Seizon Wonder-la-der!!,0,2021-08-19,5dNsClrMrKih5fTFbZ0t6D,NULL,NULL
755,"mayday,mayday",0,2021-08-19,3nffUBiOJwEJ4AkESSkoqp,NULL,NULL
756,Howling,0,2021-08-20,250Zat00GCzOBvPUxq7ERR,NULL,NULL
757,Wan Wan! Waoon,0,2021-08-20,5mV3WDEBAJoDpAu6OYYTEZ,NULL,NULL
758,Sashimio,2,2021-08-20,1reEzWR67BbsUltr2fVubs,NULL,NULL
759,bye bye rainy,0,2021-08-22,5XlFOB7DxU3SzEEq1mz3N1,NULL,NULL
760,EverBlue,0,2021-08-26,74PqCoxxkhqvgPNlmo500o,NULL,NULL
761,Kagetsu no Yume,0,2021-08-28,1zgxKcQWOfiSExApYtNgxh,NULL,NULL
762,Magia,1,2021-08-28,NULL,NULL,NULL
763,Nemuru Machi,1,2021-08-28,NULL,NULL,NULL
764,BAD WORD RAP,0,2021-08-29,NULL,NULL,NULL
765,What a Pastaful World,1,2021-08-29,NULL,NULL,NULL
766,Shin Takarajima,1,2021-08-29,NULL,NULL,NULL
767,Front Memory,1,2021-08-31,NULL,NULL,NULL
768,TSUMARI WA ITSUMO KUJIKENAI!,3,2021-09-01,6i2BggYgaZ2nfSV2hUTV9x,NULL,NULL
769,MAKE UP TRUE!,3,2021-09-01,3HYHdteo8wzya7VLVgqwX1,NULL,NULL
770,Heartbeat - 2021 TAMU Remix,2,2021-09-02,7MeeM54sm2nNG0ogyEhWvX,31,2
771,Heartbeat,4,2021-09-02,NULL,30,2
772,Azamina (K's Remix),4,2021-09-02,5g2pYBRCIBJmTQ4WfxbP4B,31,21
773,Azamina,4,2021-09-02,NULL,30,21
774,Zero no Ashiato,0,2021-09-02,5uwKKv6aEYFfolhdU7hDfE,41,5
775,ChocoLove,0,2021-09-04,7yizeuKaX027gnbk68COyx,NULL,NULL
776,It’s not like I’m mentally ill!!,1,2021-09-05,NULL,NULL,NULL
777,BAD WORD RAP,2,2021-09-05,NULL,NULL,NULL
778,"why, or why not",1,2021-09-06,NULL,NULL,NULL
779,☆V☆E☆A☆H☆,1,2021-09-07,NULL,NULL,NULL
780,Everlasting Soul,0,2021-09-09,53MvNShDTPYxBghQCHQSyR,NULL,NULL
781,Gate Open: START!,0,2021-09-09,1UkMdn16fZMqFTeU4Ne0WJ,NULL,NULL
782,Gate Open: START! - Japanese ver.,0,2021-09-09,0R7fWW1JtfRtGFBAIUPQ75,NULL,NULL
783,nanawari enemy,0,2021-09-12,5rMqN3xMS33iVwwCO23GmZ,NULL,NULL
784,Honeycomb Summer,1,2021-09-13,NULL,NULL,NULL
785,MONSTER DANCE,1,2021-09-14,NULL,NULL,NULL
786,Ieneko wa Yurikago no Uede,0,2021-09-15,NULL,NULL,NULL
787,Holidays!,0,2021-09-16,38p6ZRYlooEN74KeAh22uC,41,7
788,Cinderella,1,2021-09-16,NULL,NULL,NULL
789,Good-bye sengen,1,2021-09-16,NULL,NULL,NULL
790,Domination! All the World Is an Ocean,0,2021-09-18,0518dysM27SLsdUuP4kNrJ,NULL,NULL
791,Anata ni Au tameni,0,2021-09-20,NULL,NULL,NULL
792,CIVILIAN,1,2021-09-21,NULL,NULL,NULL
793,Shooting Star,0,2021-09-23,0ACCqRTooNZOOOhl2X2WI7,NULL,NULL
794,God of Romance,1,2021-09-23,NULL,NULL,NULL
795,kotonoha,0,2021-09-24,2JEM5Vc1M7Wr6CRxMmdweQ,NULL,NULL
796,Mental Chainsaw,1,2021-09-24,NULL,NULL,NULL
797,Saikyo x Saikyaku girl,0,2021-09-25,7AvbR6rjLXTGwVArr7ShCj,NULL,NULL
798,RAINBOW,0,2021-09-25,2IAA5tL25FqJuS1cCm8j13,41,9
799,aqua iro palette,0,2021-09-26,0a33Bgu9o1KVq1BXiWpXKq,NULL,NULL
800,Homenobi,0,2021-09-26,2U8ZwgWgSlJi91EJAOWibr,NULL,NULL
801,NEXT COLOR PLANET - Still Still Stellar ver.,4,2021-09-29,46DqUKlnFncoxPhFBVZE3h,32,2
802,Her Trail on the Celestial Sphere - Still Still Stellar ver.,4,2021-09-29,22yckG0AOLQlMGAhvR9Q47,32,3
803,GHOST - Still Still Stellar ver.,4,2021-09-29,5rMyE0jg6tHPZgKB84gweM,32,4
804,bye bye rainy - Still Still Stellar ver.,4,2021-09-29,3hJ6q2pF459fIGbuyaL7Jx,32,5
805,SelfishDazzling - Still Still Stellar ver.,4,2021-09-29,6vITZ7E5chfDsfn060SJrw,32,6
806,Bluerose - Still Still Stellar ver.,4,2021-09-29,4lYF2POxh1aJSi2SlWFmBU,32,7
807,comet - Still Still Stellar ver.,4,2021-09-29,5th8D9oZt1VAuReQ2mtkwH,32,8
808,Andromeda,0,2021-09-29,4psAEiJpgRtrK7hiYLg2wJ,32,9
809,Je t'aime。,0,2021-09-29,09K6Gc5wYKIeQ9zeMud3yK,32,10
810,Starry Jet,0,2021-09-29,46cCvZ1chJoxjgO7XQE7EG,32,11
811,Run - Still Still Stellar ver.,4,2021-09-29,3zthOUTWusoKjdZsxmQb9d,32,12
812,Cinderella,1,2021-09-29,NULL,NULL,NULL
813,Cinderella,1,2021-09-30,NULL,NULL,NULL
814,The Religion of Loneliness,1,2021-09-30,NULL,NULL,NULL
815,Houki Gumo,1,2021-09-30,NULL,NULL,NULL
816,end of a life,0,2021-10-01,0i2THDeAhJma8FrUVy90No,NULL,NULL
817,"Yoi no Yo, Yoi!",0,2021-10-02,2eTniD5ZO9ypU9tmFOYsqp,NULL,NULL
818,Umapyoi Densetsu,1,2021-10-03,NULL,NULL,NULL
819,Vidro Moyou,1,2021-10-04,NULL,NULL,NULL
820,Pleiades!,0,2021-10-07,5LxmEYp42yxYmdlsVhENzn,33,1
821,Fansa,1,2021-10-07,NULL,33,3
822,Kanade,1,2021-10-07,NULL,33,4
823,Jin,1,2021-10-11,NULL,NULL,NULL
824,madoromi,3,2021-10-13,7qNElz2cxQoxBz7wyDuBtz,NULL,NULL
825,Fansa,1,2021-10-13,NULL,NULL,NULL
826,Cherry Bomb,1,2021-10-15,NULL,NULL,NULL
827,The Last Frontier,0,2021-10-16,6z7xbqbj3fQHfxF8Wrpk7m,NULL,NULL
828,Gehenna,1,2021-10-16,NULL,NULL,NULL
829,Little devil story,0,2021-10-16,NULL,NULL,NULL
830,okochama sensou,1,2021-10-17,NULL,NULL,NULL
831,SANny Days,0,2021-10-20,NULL,34,1
832,Landing on the Island!,0,2021-10-20,NULL,34,2
833,Sunrise on the Horizon,0,2021-10-20,NULL,34,3
834,1Room Aquarium,0,2021-10-20,NULL,34,4
835,Domination! All the World Is an Ocean Sunset ver.,0,2021-10-20,NULL,34,5
836,OUT OF FRAME,0,2021-10-21,2zWwBJBfxNr9bzaVBYerLZ,NULL,NULL
837,Miracle Shopping ~Don Quijote theme~,3,2021-10-22,NULL,NULL,NULL
838,Chew the Night Sky,0,2021-10-23,0VwKirv5aUyz8WlKJX0PSH,NULL,NULL
839,Oni KYOKAN,1,2021-10-24,NULL,NULL,NULL
840,Pastel Tea Time,0,2021-10-26,3YxfPuBOg2pHoRa6YYRezy,NULL,NULL
841,Colorful,1,2021-10-28,NULL,NULL,NULL
842,CROWN,0,2021-10-29,7ywRRguljW6J3mAOj1EqjP,35,2
843,Monster,1,2021-10-29,NULL,NULL,NULL
844,Monster,1,2021-10-31,NULL,NULL,NULL
845,Graveyard Shift,0,2021-11-01,6KhX2ctFvidBjIUPrKaGqs,NULL,NULL
846,Myth or Treat,0,2021-11-01,NULL,NULL,NULL
847,Kira Kira,0,2021-11-08,67KEWFlc6FDrGIP0Ryq6zF,NULL,NULL
848,Envy Baby,1,2021-11-09,NULL,NULL,NULL
849,W.I.M.,0,2021-11-11,2OWsOo4lF3zd6ADpKvjAPV,NULL,NULL
850,Gamen no nakano kimi ga suki,0,2021-11-14,432cuUsWh4mqkW3DtZMAvk,NULL,NULL
851,Asuenokyokaisen,0,2021-11-15,2fq966WEfQ25My2d9ZPn7H,NULL,NULL
852,aqua iro palette -TEKINA//remix-,2,2021-11-17,7wXLjDD9rcgd9QnfUA6MxV,36,1
853,SHIJOSHUGI ADTRUCK -TEKINA//remix-,2,2021-11-17,4WAhqAm9Ca1NIeAH0lIwuQ,36,2
854,NEXT COLOR PLANET -TEKINA//remix-,2,2021-11-17,3aCv3ejbGSuN0wpWux8PK6,36,3
855,Setsuna Plus,1,2021-11-18,NULL,NULL,NULL
856,Interact Fantasia,0,2021-11-21,2SFvqQLCgyxS74STmKSkW5,NULL,NULL
857,Cinderella,1,2021-11-21,NULL,NULL,NULL
858,Sennou Sakushu Toranomaki,1,2021-11-23,NULL,NULL,NULL
859,HOT LIMIT,1,2021-11-24,6erbYJuCO9cgWQtmVmnE1t,37,1
860,Romance no Kamisama,1,2021-11-24,7J1iGMSyRru4leMjl8cVAp,37,2
861,Fansa,1,2021-11-24,0j1LIBSa98LtNCUatXZqQr,37,3
862,MASAYUME CHASING,1,2021-11-24,6SZPZv5bICgtQBKNULY9Ig,37,4
863,Monster,1,2021-11-24,589x2AYey2vCTRKd7Bkjee,37,5
864,Android Girl,1,2021-11-24,0EIzl1b8M7wDCD64B48NCb,37,6
865,God knows...,1,2021-11-24,1cYNzkhOz19uDJcWzitLbA,37,7
866,Butterfly,1,2021-11-24,68jxowAyL6OsZAvca3Tfdj,37,8
867,Massara Blue Jeans,1,2021-11-24,14ZuLmv66fNWe7tq7fjd0i,37,9
868,Uso,1,2021-11-24,6U7vQ6wkXJzJ9F2aGtg5VI,37,10
869,Akai Sweat Pea,1,2021-11-24,7qePfkl8wEUdywScd8qBoI,37,11
870,Kono Sekai de,1,2021-11-24,6ydlGt57MqjSaI4GoVoYfF,37,12
871,KING,1,2021-11-24,0TIH0LweOO50xLszvlPmkX,37,13
872,Alien Alien,1,2021-11-24,7oXKoYOPHqokDCpCZKSNjF,37,14
873,Solar System Disco,1,2021-11-24,7igxbsgbtMyDI70zaJBBG4,37,15
874,HINOTORI - Takanashi Kiara【Astrophysics Remix】,2,2021-11-25,NULL,NULL,NULL
875,HINOTORI - Takanashi Kiara 【Lone Alpha Remix】,2,2021-11-26,NULL,NULL,NULL
876,HINOTORI - Takanashi Kiara 【REDSHiFT Remix】,2,2021-11-26,NULL,NULL,NULL
877,phony,1,2021-11-26,NULL,NULL,NULL
878,Caesura of Despair - Twilight ver.,2,2021-11-27,2j8G1lLFgvh7gvnwA0hAtB,38,1
879,Bluerose - Twilight ver.,2,2021-11-27,3rtvDPCHJPRnQYkByEBPTb,38,2
880,Tokusya-Seizon Wonder-la-der!! - Twilight ver.,2,2021-11-27,5v1KfdxeIDYoZuF22zMmA6,38,3
881,BLUE CLAPPER - Twilight ver.,2,2021-11-27,1L3QPOHhABiMvNXhxnUisN,38,4
882,"Halloween Night, Tonight! - Twilight ver.",2,2021-11-27,4etuzYT4jbdZK4aL1AKRs0,38,5
883,"mayday,mayday - Twilight ver.",2,2021-11-27,3oR9hKZ6RWbptNuzq6yCPI,38,6
884,Lioness' Pride - Twilight ver.,2,2021-11-27,5bouPlzUnqdMYhBwQnZYNt,38,7
885,VIOLET - Twilight ver.,2,2021-11-27,5nw4ul3GOsve92yAC8Tgqo,38,8
886,AsuiroClearSky - Twilight ver.,2,2021-11-27,3UBROEzD2GcqBwdaU39nUR,38,9
887,STARDUST SONG - Twilight ver.,2,2021-11-27,2e1oij2s4vfHdVrlxKIyWk,38,10
888,The Vampire,1,2021-11-27,NULL,NULL,NULL
889,God-ish,1,2021-11-28,NULL,NULL,NULL
890,Seyana.,1,2021-11-30,NULL,NULL,NULL
891,Fire Emblem,1,2021-11-30,NULL,NULL,NULL
892,Pentas,0,2021-12-01,1cfMvayH3A4PewOiIS80CR,NULL,NULL
893,Turing Love,1,2021-12-01,NULL,NULL,NULL
894,uni-birth,0,2021-12-02,2vcODCwLMSfShxouynk1Mz,NULL,NULL
895,RAP God chama,0,2021-12-02,NULL,NULL,NULL
896,Saikai,1,2021-12-03,NULL,NULL,NULL
897,Tabi no Tochuu,1,2021-12-03,NULL,NULL,NULL
898,I Will Rock You,0,2021-12-04,NULL,NULL,NULL
899,S'il Vous President,1,2021-12-05,NULL,NULL,NULL
900,Booo!,1,2021-12-05,NULL,NULL,NULL
901,Ano Aozora no Sei da,0,2021-12-06,7wJ7xOJIcMloCzze1QTlNt,NULL,NULL
902,Love Me Love Me,0,2021-12-06,6n1qVTpxdtuD4MhzeHf3vF,NULL,NULL
903,Wakuwaku Everyday,0,2021-12-06,4VFdXr2BrYsCm1ulSfj5Hf,NULL,NULL
904,I Love You,0,2021-12-06,NULL,NULL,NULL
905,YABE YABE RAP,0,2021-12-06,NULL,NULL,NULL
906,Future Galaxy and Whistle Melody,0,2021-12-07,2ErGMUDSKM3SnpnC0H3Nxm,NULL,NULL
907,KUSA FEET RAP,0,2021-12-07,NULL,NULL,NULL
908,phony,1,2021-12-08,NULL,NULL,NULL
909,Yona Yona Journey,0,2021-12-09,6MGxLjbGvW5oU162i8trvG,39,2
910,Chichin-Pui-Pui,1,2021-12-13,NULL,NULL,NULL
911,Cinema,1,2021-12-13,NULL,NULL,NULL
912,Yumehanabi,0,2021-12-13,NULL,NULL,NULL
913,DIS RAP,0,2021-12-13,NULL,NULL,NULL
914,115 Million Kilos of Film,1,2021-12-14,NULL,NULL,NULL
915,THE END,0,2021-12-14,NULL,NULL,NULL
916,COEXIST RAP,0,2021-12-16,NULL,NULL,NULL
917,Ashura-chan,1,2021-12-16,NULL,NULL,NULL
918,Ai Yori Gunjou,3,2021-12-16,NULL,NULL,NULL
919,Animal,1,2021-12-17,NULL,NULL,NULL
920,S'il Vous President,1,2021-12-19,NULL,NULL,NULL
921,Choco♡Melty,0,2021-12-19,3FhPfxEeIiIRgisS0WgCrV,NULL,NULL
922,Magic Word Orchestra,0,2021-12-20,6In1zJ0J1fEFJytczy2Uu4,NULL,NULL
923,The Twelve Days of Christmas,1,2021-12-21,NULL,NULL,NULL
924,THE UNIT IS SHIT RAP,0,2021-12-21,NULL,NULL,NULL
925,Hokori Takaki Idol,1,2021-12-21,NULL,NULL,NULL
926,phony,1,2021-12-21,NULL,NULL,NULL
927,Animal,1,2021-12-21,NULL,NULL,NULL
928,ROKI,1,2021-12-21,NULL,NULL,NULL
929,For Campanella,1,2021-12-22,NULL,NULL,NULL
930,Give You My Love,4,2021-12-22,6cETNm9GCn92w5riyvOUoU,40,1
931,Let Me Have a Bite,0,2021-12-22,7FzY293W3lJxUfUuujikK2,40,2
932,Eternal Love For You,0,2021-12-22,6brGFvYA3WSHRTdoWZ7jGR,40,3
933,SHANTI,1,2021-12-22,NULL,NULL,NULL
934,Whatever whatever whatever,1,2021-12-23,NULL,NULL,NULL
935,Haairo to Ao,1,2021-12-23,NULL,NULL,NULL
936,Jingle Bell Rock,1,2021-12-23,NULL,NULL,NULL
937,Nh-Uh-Uh.,1,2021-12-24,NULL,NULL,NULL
938,POP-TALK,0,2021-12-24,2kxdyno7bKnAE7N2heDeGF,NULL,NULL
939,Kazenosakana,0,2021-12-24,NULL,NULL,NULL
940,Lion,1,2021-12-25,NULL,NULL,NULL
941,Never Gonna Give You Up,1,2021-12-25,NULL,NULL,NULL
942,JOURNEY to FIND STARS,0,2021-12-26,7JC01urzqWEXAlvZ909vjs,NULL,NULL
943,Deck the Halls,1,2021-12-26,NULL,NULL,NULL
944,Sparks of Joy,0,2021-12-26,5yLXIe28LPG0IhqyOw8h99,NULL,NULL
945,Target for Love,3,2021-12-26,NULL,NULL,NULL
946,Doyatto V Peace,0,2021-12-26,NULL,NULL,NULL
947,Tenshi no Agape,0,2021-12-27,5IFKNRpcx019btf9mALLgd,NULL,NULL
948,AcaciaSyndrome,3,2021-12-27,357zS9qQSUCEq9b1pOVKo1,NULL,NULL
949,Animal,1,2021-12-27,NULL,NULL,NULL
950,Haru wo Tsugeru,1,2021-12-27,NULL,NULL,NULL
951,Watashihe,1,2021-12-28,NULL,NULL,NULL
952,Airhead,1,2021-12-28,NULL,NULL,NULL
953,Over Light,0,2021-12-29,15FhheCsDGuoDJhpUmvzTk,NULL,NULL
954,Existlog,0,2021-12-29,6WpNFbAJbv9PHcu4e6uUnP,NULL,NULL
955,Sad Sparks,2,2021-12-29,NULL,NULL,NULL
956,Shishi Wata Cooking,0,2021-12-29,2Mars4BGtRkJvBuQ7gfs3o,41,0
957,My song,0,2021-12-29,0yr6hIJDc2k2KcOLM4VhBz,41,10
958,"mayday,mayday",4,2021-12-29,2eHpfJRw93fB2Zl0uPxl9A,41,2
959,Melody For You,4,2021-12-29,2WHJLOSzYJkFzpKWc7SgZT,41,3
960,Everlasting Soul,4,2021-12-29,3oqeKhZonkNdPmELy521om,41,6
961,To Makuhari Messe and Back!,0,2021-12-30,NULL,NULL,NULL
962,Love ka?,1,2021-12-30,NULL,NULL,NULL
963,Kiara Threw It On The Ground,2,2021-12-31,NULL,NULL,NULL
964,BURN YOUR HEART RAP 2022,0,2022-01-01,NULL,NULL,NULL
965,ONIKEMODANCE,0,2022-01-01,2Jl8QDonwxjmKHvoBePD05,NULL,NULL
966,Ochame Kinou,1,2022-01-01,NULL,NULL,NULL
967,MiKorone x Showtime,0,2022-01-02,52GuOWf9PwTzj7oL7isgCO,NULL,NULL
968,AKUMA,4,2022-06-18,1oQ93RkBYQOqO2OCUi9V45,42,1
969,FACT,4,2022-06-18,088KWGrGYYgbIJjcK0OrTJ,42,5
970,born to be real,4,2022-06-18,5cutoqd4pyCc8Z4JgAVgn9,42,4
971,My Roar,4,2022-06-18,2I3CmBwXilxX7UTxg93omY,42,6
972,FACT,0,2022-01-03,4jYHYJFTi1QkBobUMC7kf7,NULL,NULL
973,AKUMA,0,2022-01-03,5sqS3tMHQHk5YtNgt4kH96,NULL,NULL
974,born to be real,0,2022-01-03,0OdY6d5Ij3jPcmh3wEk8pq,NULL,NULL
975,Midnight Runway,0,2022-01-03,20A4nxWlDYh7MORqFBwCyf,42,2
976,Palette,4,2022-01-03,4UCVYmb5dCIBWKmSGDxf9H,42,3
977,My Roar,0,2022-01-03,0Qs84CIqcEZD872MF2m3zA,NULL,NULL
978,Absolute loyalty ♡ Nanonanora!,0,2022-01-04,NULL,NULL,NULL
979,Umapyoi Densetsu,1,2022-01-05,NULL,NULL,NULL
980,BABY CHAMA RAP,0,2022-01-07,NULL,NULL,NULL
981,Mou Sukoshi Dake,1,2022-01-08,NULL,NULL,NULL
982,Journey Like a Thousand Years,0,2022-01-09,21LJ9WqSL6gIbPBg6DALjK,NULL,NULL
983,Friend Shitai,1,2022-01-10,NULL,NULL,NULL
984,Only in Hope,0,2022-01-12,1I6lxUUfN12tHReGTvQTsP,43,1
985,Joy with You,0,2022-01-12,7eWE9sDC80OdpuuJrADZqc,43,2
986,Nameless Sadness,0,2022-01-12,0fOryIaaJfUlbWh5noERKK,43,3
987,Bare your teeth,0,2022-01-12,0mmWudXPwX054lZOZV4guE,43,4
988,"Sink again, Rise again",0,2022-01-12,4RneVPJKMleRDTMLfrPp3F,43,5
989,Flower of hope,0,2022-01-12,0q07y6MBc2c08xDIbCWq9e,43,6
990,Alibi Bunny,0,2022-01-12,3efHBRWuKRHIzhmBuacvLV,NULL,NULL
991,DUDE RAP,0,2022-01-13,NULL,NULL,NULL
992,ALiCE&u,0,2022-01-15,69Dew9g9bXQyy4gAK6O0uS,NULL,NULL
993,magical mode,1,2022-01-16,NULL,44,4
994,Hello/How Are You,1,2022-01-16,NULL,44,9
995,Himawari No Yakusoku,1,2022-01-16,NULL,44,12
996,Kawaru Mirai,1,2022-01-16,NULL,44,14
997,Renai Circulation,1,2022-01-16,NULL,44,17
998,Fantastic future,1,2022-01-16,NULL,44,20
999,Reflectier,1,2022-01-16,NULL,44,21
1000,A New Start,0,2022-01-17,3zb8psAdbFqInvEoxUWHCB,NULL,NULL
1001,Animal,1,2022-01-17,NULL,NULL,NULL
1002,Silent Night Requiem,0,2021-12-26,4o90mHbz1NtjBCqmuzLomc,NULL,NULL
1003,BETELGEUSE,1,2022-01-18,NULL,NULL,NULL
1004,HAACHAMA fight with discord rap,0,2022-01-20,NULL,NULL,NULL
1005,Daydream,0,2022-01-21,07gcbZrfRc7GmMH5wYLe1z,NULL,NULL
1006,rise,1,2022-01-22,NULL,NULL,NULL
1007,Omoikou,0,2022-01-22,0Ntwr2abKYB8aL21EnsgVg,NULL,NULL
1008,Cinema,1,2022-01-23,NULL,NULL,NULL
1009,Aqu-tan no Koto Suki Sugi,0,2022-01-24,6ZHGW72sYXiUdij7OEu8bN,NULL,NULL
1010,For The Win (2022 ver.),3,2022-01-24,5he0MPlstxvaaCULID5Dpm,NULL,NULL
1011,S'il Vous President,1,2022-01-24,NULL,NULL,NULL
1012,Lower one's eyes,1,2022-01-24,NULL,NULL,NULL
1013,Give You My Love,0,2021-01-21,1vv5ZSxxykqFtReKigma85,NULL,NULL
1014,At God's Mercy,1,2022-01-26,NULL,NULL,NULL
1015,Animal,1,2022-01-26,NULL,NULL,NULL
1016,Animal,1,2022-01-27,NULL,NULL,NULL
1017,I wanna,0,2022-01-28,5mem0XKsRE8uoHL4tmQbyI,NULL,NULL
1018,KAISOU RESSHA,4,2022-01-29,0a8CGKvlh7BKSc1c2bbgSF,45,1
1019,I wanna,4,2022-01-29,2yG5FEQDOOtePJRmPU3QTI,45,2
1020,uni-birth,4,2022-01-29,0T6EM1wQIIva3IzXUaeP5o,45,3
1021,Kira Kira,4,2022-01-29,7jKfaindCRU45Lh12UqZEH,45,4
1022,Zettai Chuusei Nanonanora,0,2022-01-29,6liBpqWXGEHpfA5rdcvBan,NULL,NULL
1023,Hontou no Oto,1,2022-01-30,NULL,NULL,NULL
1024,Ghost of a smile,1,2021-06-21,NULL,NULL,NULL
1025,Reborn,1,2021-02-20,NULL,NULL,NULL
1026,Cynic,3,2019-09-13,NULL,NULL,NULL
1027,Pretender,1,2020-04-01,NULL,NULL,NULL
1028,Happy Halloween,1,2019-10-31,NULL,NULL,NULL
1029,We Held Nothing In Our Hands,1,2020-10-03,NULL,NULL,NULL
1030,Watashi Idol Sengen,1,2020-09-27,NULL,NULL,NULL
1031,summertime,1,2020-02-14,NULL,NULL,NULL
1032,Star Sonar,1,2020-09-13,NULL,NULL,NULL
1033,Lost Desire,1,2020-10-15,NULL,NULL,NULL
1034,Snow halation,1,2019-12-31,NULL,NULL,NULL
1035,phony,1,2022-01-31,NULL,NULL,NULL
1036,phony,1,2021-09-11,NULL,NULL,NULL
1037,Ghost In A Flower,1,2021-08-28,NULL,NULL,NULL
1038,Haru wo Tsugeru,1,2021-08-11,NULL,NULL,NULL
1039,The Vampire,1,2021-04-15,NULL,NULL,NULL
1040,Crying for Rain,1,2021-04-02,NULL,NULL,NULL
1041,I LOVE...,1,2021-03-16,NULL,NULL,NULL
1042,Inferno,1,2021-02-12,NULL,NULL,NULL
1043,Encore,1,2021-01-27,NULL,NULL,NULL
1044,sailing day,1,2020-11-16,NULL,NULL,NULL
1045,Tin Plate Dance,1,2020-08-23,NULL,NULL,NULL
1046,Lilac,1,2020-05-30,NULL,NULL,NULL
1047,Byoushin wo Kamu,1,2020-03-13,NULL,NULL,NULL
1048,Otome Dissection,1,2020-01-11,NULL,NULL,NULL
1049,Charles,1,2019-11-23,NULL,NULL,NULL
1050,Umbrella,1,2019-10-26,NULL,NULL,NULL
1051,That's Why I Gave Up on Music,1,2019-10-20,NULL,NULL,NULL
1052,Fooler.,1,2021-05-26,NULL,NULL,NULL
1053,Kousui,1,2020-06-14,NULL,NULL,NULL
1054,Dancing on the Inside,1,2020-04-06,NULL,NULL,NULL
1055,Eine Kleine,1,2020-01-04,NULL,NULL,NULL
1056,Shibuya Marble Texture -PCCS-,1,2021-03-05,NULL,NULL,NULL
1057,Anataga Iru Kotode,1,2020-10-16,NULL,NULL,NULL
1058,The Beginning,1,2020-09-26,NULL,NULL,NULL
1059,Appeal Time,0,2020-05-02,NULL,NULL,NULL
1060,Akari ga yattekita zo,1,2020-03-10,NULL,NULL,NULL
1061,Hashire,1,2021-12-18,NULL,NULL,NULL
1062,Aa Osaka dreamin'night,1,2020-06-29,NULL,NULL,NULL
1063,Nihon no Mikata -Nevada Kara Kimashita-,1,2021-06-29,NULL,NULL,NULL
1064,"One more time,One more chance",1,2020-12-07,NULL,NULL,NULL
1065,Envy Baby,1,2021-03-27,NULL,NULL,NULL
1066,Good-bye sengen,1,2021-04-24,NULL,NULL,NULL
1067,Mela!,1,2021-06-06,NULL,NULL,NULL
1068,Yume Fanfare,1,2021-07-16,NULL,NULL,NULL
1069,Let's drop dead,1,2021-08-14,NULL,NULL,NULL
1070,okochama sensou,1,2021-10-21,NULL,NULL,NULL
1071,magnet,1,2020-07-21,NULL,NULL,NULL
1072,Lower one's eyes,1,2022-02-01,NULL,NULL,NULL
1073,God-ish,1,2022-02-01,NULL,NULL,NULL
1074,Persona,0,2022-01-30,0bk2RxPHG5aBbbw8FL0HHy,NULL,NULL
1075,Animal,1,2022-02-02,NULL,NULL,NULL
1076,Platinum Disco,1,2021-04-24,NULL,NULL,NULL
1077,Cinderella,1,2022-02-03,NULL,NULL,NULL
1078,Connect,1,2021-05-29,NULL,NULL,NULL
1079,Adabana Necromancy,1,2022-01-30,NULL,NULL,NULL
1080,Los! Los! Los!,1,2021-05-29,NULL,NULL,NULL
1081,「Q」,0,2022-02-04,51CXAV2GNNL3deCtcXpCeu,NULL,NULL
1082,NYA NYA RAP,0,2022-02-09,NULL,NULL,NULL
1083,God-ish,1,2022-02-09,NULL,NULL,NULL
1084,Stellar Stellar - Daybreak ver.,2,2022-02-11,7CnsJfnf0k6ZxxoW0CqCB7,46,1
1085,PANIGHT,0,2022-02-07,7hS1yxOI78IVzsmLkFDXIJ,NULL,NULL
1086,Melody For You - Daybreak ver.,2,2022-02-11,1gBCtfvNLLnTQizIIo3Jrh,46,2
1087,diorama - Daybreak ver.,2,2022-02-11,47EnDYj2IT9p70L3fAP9Fj,46,3
1088,Iris - Daybreak ver.,2,2022-02-11,1auvjeOdraieQcw2ZqQhMo,46,4
1089,KAISOU RESSHA - Daybreak ver.,2,2022-02-11,3s4rl2RC7amx0Uv8rgTTdQ,46,5
1090,kotonoha - Daybreak ver.,2,2022-02-11,2rjGTsSwzGoQlrJgx9nUsz,46,6
1091,Homenobi - Daybreak ver.,2,2022-02-11,6Zw2RfYcV5nfK9M0mxOOXS,46,7
1092,Run - Daybreak ver.,2,2022-02-11,0ZafPn2mrWFIsugnD2K8ue,46,8
1093,madoromi - Daybreak ver.,2,2022-02-11,0FWu9HJyQD06whQvYHEokp,46,9
1094,Shiny Smily Story - Daybreak ver.,2,2022-02-11,6XTYuPdIovDYgDzJH51roM,46,10
1095,Hokori Takaki Idol,1,2022-02-11,NULL,NULL,NULL
1096,Dreamin Chuchu,1,2022-02-14,NULL,NULL,NULL
1097,Bitter Choco Decoration,1,2022-02-14,NULL,NULL,NULL
1098,Twinkle,1,2022-02-14,NULL,NULL,NULL
1099,Bitter Choco Decoration,1,2022-02-14,NULL,NULL,NULL
1100,Secret Class,0,2022-02-14,6BiN07Z1tNQTCqSccGCUaX,NULL,NULL
1101,Yume ni Yell! Patissier♪,1,2022-02-14,NULL,NULL,NULL
1102,High Tide,0,2022-02-15,68BRMLYIfQSg9CH8Fsbeay,NULL,NULL
1103,Heart Forecast,1,2022-02-14,NULL,NULL,NULL
1104,Jingisudan Rap,0,2022-02-17,4qK3nr4yoedHtQpjQ8H0Dw,68,4
1105,Marshall Maximizer,1,2022-02-18,NULL,NULL,NULL
1106,Kaika Sengen,0,2022-02-19,3NWL1Kp6V0h2fKnz9Jf2P2,NULL,NULL
1107,Sangenshoku,1,2022-02-20,NULL,NULL,NULL
1108,Fantastic future,1,2021-07-31,NULL,NULL,NULL
1109,Animal,1,2022-02-22,NULL,NULL,NULL
1110,The Grim Reaper is a Live-Streamer - Lofi Ver.,2,2022-02-22,5g5q3kDortKz2eCOAUrCLw,47,1
1111,Red - Lofi Ver.,2,2022-02-22,6TNs0DLoQD7xzKVDI0oD4i,47,2
1112,Guh - Lofi Ver.,2,2022-02-22,0XNGcTUlJNdNyd2bWX8RYF,47,3
1113,IJIMEKKO Bully - Lofi Ver.,2,2022-02-22,6aV3CxXoFeXECMTYDjqUAQ,47,4
1114,DETABARE NEKO,0,2022-02-22,7vRPkxn7wkulFnnxg6dlKQ,NULL,NULL
1115,Fragile,1,2022-02-23,NULL,NULL,NULL
1116,Hikaru Nara,1,2022-02-23,NULL,NULL,NULL
1117,Kaijuu no Hana Uta,1,2022-02-18,NULL,NULL,NULL
1118,Romeo,1,2021-03-14,NULL,NULL,NULL
1119,Happy Synthesizer,1,2021-04-18,NULL,NULL,NULL
1120,Kimi Ni Todoke,1,2020-12-14,NULL,NULL,NULL
1121,Happy Halloween,1,2020-10-31,NULL,NULL,NULL
1122,DO RE MI FA Rondo,1,2020-03-03,NULL,NULL,NULL
1123,Heroine Ikusei Keikaku,1,2020-07-12,NULL,NULL,NULL
1124,HappinessWorld,3,2020-07-15,2Bn0n9dXQfvOY2ENbHlVOE,NULL,NULL
1125,Susume! Bakataration,0,2021-10-05,6kPA0H6yRdDUvbucxmhxAG,NULL,NULL
1126,Agate Caressing the Night,1,2022-02-24,NULL,NULL,NULL
1127,BEGINNING,0,2022-02-25,7JcRP7lrQaO23WdI36Anjw,NULL,NULL
1128,Jinsei Reset Button Pochi,0,2022-02-26,1FZAOKoiiModaDhMM0Hefc,NULL,NULL
1129,See the world,0,2022-02-27,5Rdc6npKKlW6KbsjwvJ5HE,NULL,NULL
1130,Gaitou ga Sabita Mama,1,2022-02-27,NULL,NULL,NULL
1131,PLAY DICE,0,2022-02-28,1OqSo4mjYjiGRVOCHYZw0x,NULL,NULL
1132,magnet,1,2019-11-02,NULL,NULL,NULL
1133,Fansa,1,2021-03-27,NULL,NULL,NULL
1134,MIRA,1,2022-02-28,NULL,NULL,NULL
1135,yomosugara kimi omou,1,2022-03-02,NULL,NULL,NULL
1136,W/X/Y,1,2022-03-02,NULL,NULL,NULL
1137,identity,1,2022-03-06,NULL,NULL,NULL
1138,identity,1,2022-03-07,NULL,NULL,NULL
1139,Darling Dance,1,2022-03-09,NULL,NULL,NULL
1140,Bokuwa Hatunemiku to kiss wo shita,1,2022-03-10,NULL,NULL,NULL
1141,Prism Melody,0,2022-03-13,6d9c5OBqFehugEm6K2iXB5,NULL,NULL
1142,Schema,1,2022-03-12,NULL,NULL,NULL
1143,SOUZOU,1,2022-03-12,NULL,NULL,NULL
1144,Q&A=E,0,2022-03-14,5yWMXS5Ma6SL50C05TJgW8,NULL,NULL
1145,"Please, darling",1,2022-03-15,NULL,NULL,NULL
1146,YONA YONA DANCE,1,2022-03-15,NULL,NULL,NULL
1147,Planet Loop,1,2022-03-15,NULL,NULL,NULL
1148,GHOST,1,2022-03-08,NULL,NULL,NULL
1149,The Last Frontier,1,2022-03-08,NULL,NULL,NULL
1150,Wistful Record,1,2022-03-08,NULL,NULL,NULL
1151,UnAlive,0,2022-03-21,0U0swpLFeIJV1bP9QjSkyz,48,1
1152,「Q」,4,2022-03-21,3iFh4XNSePkLOUN0McOQvi,48,2
1153,Dead On Arrival,0,2022-03-21,4Ri7HgYsTqCoNqHI2S7wVB,48,3
1154,Graveyard Shift,4,2022-03-21,5fmT83NSF38oaQelfJl4Lx,48,4
1155,Lose-Lose Days,0,2022-03-21,6BX000G0i1VJcff38x3grU,48,5
1156,HUGE W,0,2022-03-21,3v28Meo8cBnnfDUzpF6Art,48,6
1157,Resting Power,0,2022-03-21,6pMunEPmwPTffz5qO0NOkJ,48,7
1158,Scuffed Up Age,0,2022-03-21,6at1OnNumlOOQMc6Nb1sbU,48,8
1159,Ouroboros,0,2022-03-21,5Ak9haMI6MkAB9qAGZV9jq,48,9
1160,Unalive (Japanese Ver.),2,2022-03-21,2EOG8ynjNUIq7WC2L3KgTC,48,10
1161,Hitorigoto,1,2022-03-18,NULL,NULL,NULL
1162,Marine Set Sail!!,0,2022-03-20,1OwyUhOqiMtu4S6MKnHi3h,NULL,NULL
1163,Happy Meowthday!!,0,2022-05-15,5V0v9W01eLWuTRmTdXhEXA,51,1
1164,Sora o Koete,0,2022-05-15,1He7DiYJxcMrFNyukWT2p6,51,2
1165,Gekkou,1,2022-03-22,NULL,NULL,NULL
1166,Song of Sketch,1,2022-03-23,NULL,NULL,NULL
1167,Rain of Cherry Blossom Petals,1,2022-03-23,NULL,NULL,NULL
1168,Owl-san,1,2022-03-25,NULL,NULL,NULL
1169,Kagayakashi,0,2022-03-26,NULL,NULL,NULL
1170,Nandedamenan,0,2022-03-27,NULL,NULL,NULL
1171,Nee Nee Nee,1,2022-03-27,NULL,NULL,NULL
1172,Zenkyosanka,1,2022-03-28,NULL,NULL,NULL
1173,Mantra Hujan,0,2022-03-27,5npIL1FmDdtzjLUpLUZ9w7,NULL,NULL
1174,Hololive Special MEDLLIE,2,2022-03-28,NULL,NULL,NULL
1175,Akatsuki to Hana,0,2022-03-31,4c7scE1iVRwVj3T3EefJRs,NULL,NULL
1176,TEMPLATE,0,2022-03-31,254Q6v7gbF7jc9sn8CY0GW,NULL,NULL
1177,Wicked,0,2022-03-31,2F91gzFzuZcfX5NwU34cZw,NULL,NULL
1178,C-MAN,0,2022-04-01,NULL,49,1
1179,Envy Baby x KING,2,2022-03-31,NULL,NULL,NULL
1180,Street FITE,0,2022-04-01,NULL,49,2
1181,My Reality,0,2022-04-01,NULL,49,3
1182,Villain Vibes,0,2022-06-25,4fb3uBZCBWijnTANMJdN32,53,5
1183,U&I,1,2022-04-01,NULL,NULL,NULL
1184,Aqua Step Allegretto,0,2022-04-01,NULL,NULL,NULL
1185,MONEY (Hand Me The Glock),0,2022-04-02,NULL,49,4
1186,Ookami Blues,1,2022-04-02,NULL,NULL,NULL
1187,I wanted to dance in your pulse,1,2022-04-02,NULL,NULL,NULL
1188,ROKI,1,2022-04-02,NULL,NULL,NULL
1189,CapSule,0,2022-04-04,4M7mmhZvhN1wBypbu0Z0zY,NULL,NULL
1190,Nothing's Working Out,1,2022-04-06,NULL,NULL,NULL
1191,???,0,2022-04-06,NULL,NULL,NULL
1192,A Little Sly,1,2022-04-09,NULL,NULL,NULL
1193,ROKI,1,2022-04-10,NULL,NULL,NULL
1194,Gira Gira,1,2022-04-10,NULL,NULL,NULL
1195,Magical Girl and Chocolate,1,2022-04-08,NULL,NULL,NULL
1196,SOS,0,2022-04-13,1U0EPzFKu3RDUgJRnxWVfJ,NULL,NULL
1197,Cinderella,2,2022-04-13,NULL,NULL,NULL
1198,Doggy god's street,0,2022-04-13,3S7ESQHVQ493wV3llepjm6,NULL,NULL
1199,HOZUKIBIYORI,0,2022-04-15,1Yp2amsSSQ9yUZ8NK4FHJh,NULL,NULL
1200,Border Endroll,0,2022-04-15,6NabPPMb8f4Ri0nHhSBZKe,NULL,NULL
1201,HI-15,0,2022-04-15,6C1pW1RELtNg878XuXY8X1,NULL,NULL
1202,HI-15 (Japanese ver.),0,2022-04-16,6JJy9WOBm6nGbgFF2skbl4,NULL,NULL
1203,phony,1,2022-04-16,NULL,NULL,NULL
1204,Night Sky Patrol of Tomorrow,1,2022-04-16,NULL,NULL,NULL
1205,JOLLIE JOLLIE,0,2022-04-18,5leDNr6y4GFZmlK2th45nL,NULL,NULL
1206,7 Rings,1,2022-04-19,NULL,NULL,NULL
1207,Happy Strawberry,1,2022-04-19,NULL,NULL,NULL
1208,Bunny,1,2022-04-20,NULL,NULL,NULL
1209,Orange,1,2022-04-21,NULL,NULL,NULL
1210,Animal,1,2022-04-21,NULL,NULL,NULL
1211,Kimiiro Hanamizuki,0,2022-04-21,3upJClxjHGYBpB0IO6KJFn,NULL,NULL
1212,Beat Eater,1,2022-04-22,NULL,NULL,NULL
1213,Prologue,1,2022-04-22,NULL,NULL,NULL
1214,Unyielding Wish,1,2022-04-21,NULL,NULL,NULL
1215,Chuuku No Niwa  ,0,2022-04-21,5H0Q353fTBiDVAGTq9MhTA,NULL,NULL
1216,DAYS,1,2022-04-22,NULL,NULL,NULL
1217,phony,1,2022-04-22,NULL,NULL,NULL
1218,Unthinkable Wonders,1,2022-04-22,NULL,NULL,NULL
1219,phony,1,2022-04-24,NULL,NULL,NULL
1220,Peace!!,0,2022-04-22,NULL,NULL,NULL
1221,BLUE CLAPPER -PandaBoYremix-,2,2022-04-26,7xDNGhYEb6iZSL6UvFO3y3,50,1
1222,aimai chocolate -PandaBoYremix-,2,2022-04-26,7bi6u5moJVzjViyFdQ0PJn,50,2
1223,ONIKEMODANCE -PandaBoYremix-,2,2022-04-26,2n2wub1MldKIVqHH7aUr53,50,3
1224,Maware! Setsugetsuka,1,2022-04-26,NULL,NULL,NULL
1225,Cinderella Girl,1,2022-04-18,NULL,NULL,NULL
1226,Nostalgic J-pop,1,2022-04-28,NULL,NULL,NULL
1227,BOY,1,2022-04-28,NULL,NULL,NULL
1228,Solar System Disco,1,2022-04-29,NULL,NULL,NULL
1229,LUVORATORRRRRY!,2,2022-04-29,NULL,NULL,NULL
1230,Gunjo Sanka,1,2022-04-29,NULL,NULL,NULL
1231,LiFE,1,2022-04-29,NULL,NULL,NULL
1232,Never Ending Midnights,0,2022-07-27,0k0s4tJvuiR3Ob8yWxzaRy,57,1
1233,SOS,4,2022-07-27,6y3oOgBpjvCnIymqsk7yTb,57,2
1234,Allegro,0,2022-07-27,5iJk5357aYYOZgCgB5ll3P,57,3
1235,Rat A Tat,0,2022-07-27,6z9k7jLzYTrbvHds2tBtOI,57,4
1236,Tuning (Interlude),0,2022-07-27,1jPQUcumX0JloYh9AVgFig,57,5
1237,Ryuseigun,0,2022-07-27,0IHFCYQd5qGD07ZfXJpIZx,57,6
1238,Highway,4,2022-07-27,5J2iRyqusprDzbilc6k4XJ,57,7
1239,Hurt you,0,2022-04-30,NULL,NULL,NULL
1240,Till the end of me,0,2022-04-30,2VVzinBuRFIRLKTtXgpup4,NULL,NULL
1241,Over Time,0,2022-05-02,76n7WTaSW7g4qksEomPSxf,NULL,NULL
1242,Chimera,1,2022-05-04,NULL,NULL,NULL
1243,Kakumei Dualism,1,2022-05-05,NULL,NULL,NULL
1244,"Dusk, Mistaking it for a Dream",1,2022-05-04,NULL,NULL,NULL
1245,Nano.,0,2022-05-09,NULL,NULL,NULL
1246,Let Me Stay Here,0,2022-05-15,76xXQq2nPiexRDstB9MY70,NULL,NULL
1247,Meteor Messenger,0,2022-05-12,NULL,NULL,NULL
1248,INTERNET OVERDOSE,1,2022-05-13,NULL,NULL,NULL
1249,Caramel Devil,0,2022-05-14,2PF92zG6fG7ouEmtCUVKM7,NULL,NULL
1250,Unaware Drunkard,1,2022-05-15,NULL,NULL,NULL
1251,Telecaster B-Boy,1,2022-05-17,NULL,NULL,NULL
1252,MERA MERA,0,2022-05-18,3Y5q0JDCRzjNlMRRrLK0RF,NULL,NULL
1253,nisemono ningen40gou,1,2022-05-18,NULL,NULL,NULL
1254,Spinning Sky Rabbit,1,2022-05-19,NULL,NULL,NULL
1255,Nainai,1,2022-05-20,NULL,NULL,NULL
1256,BETELGEUSE,1,2022-05-19,NULL,NULL,NULL
1257,Marunouchi Sadistic,1,2022-05-20,NULL,NULL,NULL
1258,Ghost City Tokyo,1,2022-05-22,NULL,NULL,NULL
1259,Ancient Romantic,1,2022-05-23,NULL,NULL,NULL
1260,Yachatta toki ni utau uta,0,2022-05-23,NULL,NULL,NULL
1261,little bit,0,2022-05-23,0VbwrY9KRHelfekJXRRb2E,NULL,NULL
1262,Aien-Jihen,0,2022-05-25,1nA90PqMK1cLSTvXu0VbfC,NULL,NULL
1263,Boukoku Kakusei Catharsis,1,2022-05-23,NULL,NULL,NULL
1264,Diamond Crevasse,1,2022-05-25,NULL,NULL,NULL
1265,Dilemma,1,2022-05-27,NULL,NULL,NULL
1266,The World Hasn’t Even Started Yet,1,2022-05-27,NULL,NULL,NULL
1267,Doku no Oujisama,0,2022-05-27,6btke96zwYQHwsoMGNeQM9,NULL,NULL
1268,Fever Night,0,2022-05-28,41THWUMaj9vZhJuHxbHyhl,NULL,NULL
1269,Owl-san,1,2022-05-29,NULL,NULL,NULL
1270,Agate Caressing the Night,1,2022-05-30,NULL,NULL,NULL
1271,INTERNET OVERDOSE,1,2022-05-31,NULL,NULL,NULL
1272,ROSE of the LAMP,0,2022-06-01,2DKWdrzESbw295CUXnQgYU,NULL,NULL
1273,Newton Dance,1,2022-06-01,NULL,NULL,NULL
1274,Yokubari Cute Girl,0,2022-06-01,4W10AK5QOt4R18nizSXjGb,52,4
1275,PANIGHT,4,2022-06-01,4ZEQKgliTFx6v3oC62gvpI,52,1
1276,Doyatto V Peace,4,2022-06-01,2y5D2FAGC5E4YgYbb1fV4u,52,2
1277,Nandedamenan,4,2022-06-01,55eyk5sHCwgeW3FmtEqv9j,52,3
1278,Unaware Drunkard,1,2022-06-05,NULL,NULL,NULL
1279,Like a Phoenix,0,2022-06-05,NULL,NULL,NULL
1280,Pray,0,2022-06-05,NULL,NULL,NULL
1281,Renjo Shiika,0,2022-06-05,5jE4FwP7vgxKbm35PY1tew,NULL,NULL
1282,KINGWORLD,0,2022-06-04,5c2jcAuEXOCeTdtZCBUjqz,NULL,NULL
1283,MOON PRIDE,1,2022-06-01,NULL,NULL,NULL
1284,Shikisai no Blues,1,2022-06-01,NULL,NULL,NULL
1285,It Seems Like There's A Secret Command To Becoming Happy,1,2022-06-01,NULL,NULL,NULL
1286,Here,1,2022-06-01,NULL,NULL,NULL
1287,Your silver Garden,1,2022-06-01,NULL,NULL,NULL
1288,ーAKIROSE WORLDー,0,2022-06-01,NULL,NULL,NULL
1289,Bokuwa Kyoumo,1,2022-06-06,NULL,NULL,NULL
1290,Dreamy sheep,0,2022-06-06,5n3OnHTJKQ5KTepQiZEo6A,NULL,NULL
1291,identity,1,2022-06-06,NULL,NULL,NULL
1292,syokuzai,1,2022-06-06,NULL,NULL,NULL
1293,Darling Dance,1,2022-06-07,NULL,NULL,NULL
1294,hakushu kassai utaawase,1,2022-06-07,NULL,NULL,NULL
1295,Tricologe,1,2022-06-08,NULL,NULL,NULL
1296,Gyutto,1,2022-06-10,NULL,NULL,NULL
1297,Renai Circulation,1,2022-06-10,NULL,NULL,NULL
1298,Astrogirl,0,2022-06-11,4fu7kFgKu4UazLx7gxCg3B,NULL,NULL
1299,story time,0,2022-12-30,0fgf3CaFwobzqwYluwcv7A,NULL,NULL
1300,Renai Circulation,1,2022-06-13,NULL,NULL,NULL
1301,Chimera,1,2022-06-13,NULL,NULL,NULL
1302,identity,1,2022-06-13,NULL,NULL,NULL
1303,Platinum Disco,1,2022-06-14,NULL,NULL,NULL
1304,SPACE! WAVE! AKIBA-POP!!,1,2022-06-14,NULL,NULL,NULL
1305,Viva Happy,1,2022-06-14,NULL,NULL,NULL
1306,Empress,1,2022-06-16,NULL,NULL,NULL
1307,WAO!!,0,2022-06-16,6lUPcq1xLmODULh0qqbnCE,NULL,NULL
1308,Hana wa Odoreya Iroha ni Ho,1,2022-06-14,NULL,NULL,NULL
1309,infection,0,2022-06-17,NULL,NULL,NULL
1310,Drain,1,2022-06-17,NULL,NULL,NULL
1311,Zenryoku Jumping!,0,2022-06-19,2K2O6RBdHZwfty5TdOIGDj,NULL,NULL
1312,Chameleon,1,2022-06-19,NULL,NULL,NULL
1313,Rinkai Diver,1,2022-06-19,NULL,NULL,NULL
1314,Naisho no Hanashi,1,2022-06-19,NULL,NULL,NULL
1315,Kimi Sora Kiseki,1,2022-06-21,NULL,NULL,NULL
1316,Overd,0,2022-06-21,13Snz1MthSGTD8579hP3N5,NULL,NULL
1317,Salamander,1,2022-06-22,NULL,NULL,NULL
1318,Nigoame,1,2022-06-22,NULL,NULL,NULL
1319,Lyrical Monster,0,2022-06-25,5mHaHrtctukyyFdBstkvc7,NULL,NULL
1320,Unthinkable Wonders,1,2022-06-25,NULL,NULL,NULL
1321,tai,0,2022-06-24,NULL,NULL,NULL
1322,Sakuranbo Kissu ~bakuhatsu da mo n~,1,2022-06-24,NULL,NULL,NULL
1323,Nagareboshi☆KiraKira,0,2022-06-24,7qlYc16tHlEF2u96eFe0U2,NULL,NULL
1324,Find It,0,2022-06-26,3TGyA8TCWOCPATSmiD4ImK,NULL,NULL
1325,Fragile,1,2022-06-23,NULL,NULL,NULL
1326,Holy Shit,0,2022-06-27,0hclaftCnRygqy5cFubW4f,NULL,NULL
1327,Zetsubo-san,1,2022-06-28,NULL,NULL,NULL
1328,One Step at a Time,0,2022-06-29,2X71SZ5ODHBrlczttGK1Qu,NULL,NULL
1329,Sheep's Blanket,0,2022-07-01,NULL,NULL,NULL
1330,"adieu, Salauds",0,2022-07-01,0KeLopzJIbotv8hQ8fdBX3,NULL,NULL
1331,Cat Rubbing,1,2022-07-01,NULL,NULL,NULL
1332,Bocca della Verità,1,2022-06-29,NULL,NULL,NULL
1333,Animal,1,2022-07-02,NULL,NULL,NULL
1334,Summer high heels,0,2022-07-03,5SwvhHPnlJgQLoDfipb4kA,NULL,NULL
1335,Palette,1,2022-06-25,NULL,NULL,NULL
1336,afterglow,0,2022-07-03,2UHRCpKvNVpAOPkej38msX,65,1
1337,Color of Drops,1,2022-07-05,NULL,NULL,NULL
1338,Odo,1,2022-07-06,NULL,NULL,NULL
1339,Carnival Happy,1,2022-07-07,NULL,NULL,NULL
1340,Harapan PanPanPan,0,2022-07-10,2BbGdpnFpe4uPvN2gxnNJB,NULL,NULL
1341,God-ish,1,2022-07-08,NULL,NULL,NULL
1342,Fushigina Kusuri,1,2022-07-08,NULL,NULL,NULL
1343,Stepping Wind,1,2022-07-07,NULL,NULL,NULL
1344,Delight,0,2022-07-11,3OYFNbBXs2fmYprskbNjue,54,1
1345,BERSERKER,0,2022-07-11,1DaAIah6noL2vLnSPFj5jc,54,2
1346,ai no jikkai,0,2022-07-11,4eCTEjNpmnDevHTLPc3ivl,54,3
1347,ENJOY! JOY!! JOYFUL!!,0,2022-07-11,25Arv88jX6eZT5dIorSFDA,54,4
1348,Highway,0,2022-07-13,5H6J1hUf0pVCyayGHBUHmF,NULL,NULL
1349,SHANTI,1,2022-07-13,NULL,NULL,NULL
1350,Dekat di Hati,1,2022-07-15,NULL,NULL,NULL
1351,Two Stars,1,2022-07-15,NULL,NULL,NULL
1352,Hammer Song To Itami No Tou,1,2022-07-15,NULL,NULL,NULL
1353,Odo,1,2022-07-14,NULL,NULL,NULL
1354,Bon-Odo Remix,1,2022-07-16,NULL,NULL,NULL
1355,Ready to,3,2022-07-16,NULL,NULL,NULL
1356,RaRaRaRabbit,0,2022-07-17,1BrNz9jILQYg1UVj6BSq8o,NULL,NULL
1357,Ciki Ciki Bam Bam,1,2022-07-19,NULL,NULL,NULL
1358,Kazeni Naru,1,2022-07-16,NULL,NULL,NULL
1359,Akakunaranaide,0,2022-07-18,5VnJkMe67KxP0lXhZRYBTy,NULL,NULL
1360,Jinsei wa Saikou no Himatsubushi,1,2022-07-21,NULL,NULL,NULL
1361,Shoujo Rei,1,2022-07-21,NULL,NULL,NULL
1362,Mixed Nuts,1,2022-07-20,NULL,NULL,NULL
1363,Make ‘Em Afraid,0,2022-07-20,6ADAhVnCCdv06G30KbLO1C,56,4
1364,Cynical Night Plan,1,2022-07-22,NULL,NULL,NULL
1365,Unaware Drunkard,1,2022-07-24,NULL,NULL,NULL
1366,Heartache,1,2022-07-22,NULL,NULL,NULL
1367,Never Give Up Natsuiro Story!,0,2022-07-22,3v2OqVRtCt7xHwLyKEJ4d5,NULL,NULL
1368,Kilmer,1,2022-07-24,NULL,NULL,NULL
1369,Re:Hello world English.ver,2,2022-07-25,2DaGaAo27LTk0H35FAnekC,NULL,NULL
1370,Kamouflage,0,2022-07-20,5xpjYTlkYg8o92LMOvG3eV,56,3
1371,CapSule,4,2022-07-20,55McbqAUspPoavubDJxryF,56,1
1372,MERA MERA,4,2022-07-20,3hOTaPhf3gLUZhqZgoUzme,56,2
1373,Let's End the World,0,2022-07-20,7hT7tA7VUkkNihDKFt1fuA,56,6
1374,Swallow the venom,0,2022-07-24,0m3DBrOgnMWTUNkrPD66uH,NULL,NULL
1375,Like a Phoenix,4,2022-07-30,3EBM4hVseqN6R8hPkosWWn,58,2
1376,Over Time,4,2022-07-30,6bFBomUDF6rmALO2Pj1PO0,58,1
1377,Pray,4,2022-07-30,3JbYAJlMrtNSI2jr2oOOuO,58,3
1378,I'm Your Treasure Box * You have found captain Marine in a treasure chest,0,2022-07-30,74u8iRIPvoru5klTgQLLwB,NULL,NULL
1379,Holy Shit,4,2022-07-20,4KtsVWPHvVTLBwU7rtTBwn,56,5
1380,Sora no Toki,0,2022-07-06,1bXi7WhkWmGOm25ssOLu7R,NULL,NULL
1381,CH4NGE,1,2022-07-26,NULL,NULL,NULL
1382,Hollow life,0,2022-07-18,3kyLTQzIZ1Bexg44SiXUeO,55,1
1383,Lobelia,0,2022-07-18,18P3UoaEnZCVpiNwqUXzSY,55,2
1384,Damage,0,2022-07-18,1khSzU73zcSbI6khOaZpHC,55,3
1385,Kioku no Iro to wa,0,2022-07-18,0nQjvfX9Fdp4Fax9n22fP2,55,4
1386,Inner Voice,0,2022-07-18,5lJMVpPQNn0dSTXavY9VVi,55,5
1387,Memories,0,2022-07-18,7CN8FmqXnsOEQkhRmhqhHC,55,6
1388,Gunjou no Koukai,0,2022-07-18,0XUO7MNH2PRP0R4Mt730F6,55,7
1389,Shiny Smily Story -ERROR arrange-,2,2022-07-18,1KUb66JpSKS2P5wQN3VrM0,55,8
1390,Say So Japanese Version,1,2022-07-31,NULL,NULL,NULL
1391,Zombies,0,2022-07-29,06yQXWLaO8YVpXHXh55dLj,NULL,NULL
1392,Baby Dance,0,2022-08-01,5g6cMFR6sJGTg25kSbP8Kp,NULL,NULL
1393,Gradually Getting Closer,1,2022-08-05,NULL,NULL,NULL
1394,petrichor,0,2022-08-05,3E4BeKjnyEWwHdYm7nbVdL,65,2
1395,Humorous Dream of Mrs. Pumpkin,1,2021-11-25,NULL,NULL,NULL
1396,Rashisa,1,2021-09-26,NULL,NULL,NULL
1397,Umapyoi Densetsu,1,2021-05-21,NULL,NULL,NULL
1398,Paintër,1,2021-01-03,NULL,NULL,NULL
1399,Chicken Rice,1,2020-12-24,NULL,NULL,NULL
1400,SHIJOSHUGI ADTRUCK,1,2021-11-12,NULL,NULL,NULL
1401,Precious Photographs,0,2021-02-17,NULL,NULL,NULL
1402,Call Boy,1,2021-07-29,NULL,NULL,NULL
1403,Souran Bushi (Kanzaki Hiro 2021 Extended Remix),2,2021-07-29,NULL,NULL,NULL
1404,Additional Memory,1,2021-07-10,NULL,NULL,NULL
1405,Souran Bushi Remix.ver,2,2021-07-05,NULL,NULL,NULL
1406,Song of the Beginning and End,1,2021-07-01,NULL,NULL,NULL
1407,HIBANA,1,2021-04-22,NULL,NULL,NULL
1408,Usseewa,1,2021-04-15,NULL,NULL,NULL
1409,Byoushin wo Kamu,1,2021-02-25,NULL,NULL,NULL
1410,Outsider,1,2021-01-02,NULL,NULL,NULL
1411,Mitsuba no Musubime,1,2020-09-19,NULL,NULL,NULL
1412,chocolate box,1,2020-09-05,NULL,NULL,NULL
1413,The Narrow Way,1,2020-06-07,NULL,NULL,NULL
1414,Uma to Shika,1,2020-04-18,NULL,NULL,NULL
1415,Love Words IV,1,2022-08-07,NULL,NULL,NULL
1416,Souran Bushi,1,2019-12-27,NULL,NULL,NULL
1417,Ghost Rule,1,2020-01-18,NULL,NULL,NULL
1418,I am here,2,2021-02-14,NULL,NULL,NULL
1419,Hanmaa o denpa songu ni shite mita,1,2021-02-08,NULL,NULL,NULL
1420,STARDUST SONG,1,2021-02-06,NULL,NULL,NULL
1421,PUI PUI MOLCAR Theme Song,1,2021-01-27,NULL,NULL,NULL
1422,THE END OF HATSUNE MIKU,1,2021-01-09,NULL,NULL,NULL
1423,BRING IT ON,1,2020-09-27,NULL,NULL,NULL
1424,Ievan Polkka,1,2020-12-18,NULL,NULL,NULL
1425,Ochame Kinou,1,2020-08-29,NULL,NULL,NULL
1426,Nyanyanyanyanyanyanya!,1,2021-03-06,NULL,NULL,NULL
1427,Dadadada Tenshi,1,2021-03-23,NULL,NULL,NULL
1428,Ahoy!! We are Houshou Pirates☆ Sad.version,2,2021-04-30,NULL,NULL,NULL
1429,Koi,1,2021-05-21,NULL,NULL,NULL
1430,Ghost In A Flower,1,2021-09-04,NULL,NULL,NULL
1431,Haru wo Tsugeru,1,2021-08-23,NULL,NULL,NULL
1432,Adrenaline!!!,1,2021-08-29,NULL,NULL,NULL
1433,Anata Kuranken,1,2022-08-05,NULL,NULL,NULL
1434,ECHO,1,2022-08-05,NULL,NULL,NULL
1435,Ai Kotoba III,1,2022-03-03,NULL,NULL,NULL
1436,Cat Rubbing,1,2022-08-07,NULL,NULL,NULL
1437,hurray! hurray! elf-friend!,0,2022-08-07,5Qx2sjJmQr75M7GFIYkwzt,NULL,NULL
1438,Dai Kangensai! Yume no Flare Channel,0,2022-08-07,,NULL,NULL
1439,Yggdrasil,0,2022-08-07,,NULL,NULL
1440,Atelier,0,2022-08-07,,NULL,NULL
1441,Sky Sonar,0,2022-08-07,,NULL,NULL
1442,Stay Blue,3,2022-08-09,75SBhLDSKkyTZDMj3eYBH2,NULL,NULL
1443,Raimei,0,2022-08-08,,NULL,NULL
1444,Rouge no Dengon,1,2022-08-09,NULL,NULL,NULL
1445,Top of the World,0,2022-08-12,5zgKo6RPXrNtrBBXnXa4JC,NULL,NULL
1446,Bakudan,1,2022-08-11,NULL,NULL,NULL
1447,RAD DOGS,1,2022-08-12,NULL,NULL,NULL
1448,Fleur,0,2022-08-12,5ZRzwsZs975mdU5Uby71sv,NULL,NULL
1449,Good Weather,1,2022-08-13,NULL,NULL,NULL
1450,Stellar Stellar (SP Performance),2,2022-08-12,NULL,NULL,NULL
1451,bye bye rainy (SP Performance),2,2022-08-12,NULL,NULL,NULL
1452,Kotobakaze (SP Performance),2,2022-08-12,NULL,NULL,NULL
1453,I I I Love You,0,2022-08-14,3M6tYtzgsJTY5TGB77dz6M,NULL,NULL
1454,SAIKYOUTICPOLKA,0,2022-08-16,5uK6Pm71MBlnYLYElOPorm,NULL,NULL
1455,Right Here,1,2022-08-16,NULL,NULL,NULL
1456,Leschenaultia,1,2022-08-16,NULL,NULL,NULL
1457,YOU LITTLE SHIT,0,2022-08-16,NULL,NULL,NULL
1458,Mafia,1,2022-08-17,NULL,NULL,NULL
1459,Mafia,1,2021-04-30,NULL,NULL,NULL
1460,Chandelier,0,2022-08-17,0A2zXP0oNgqCV3tJ9LTbDq,NULL,NULL
1461,Bebas,1,2022-08-18,NULL,NULL,NULL
1462,Junky Night Town Orchestra,1,2021-02-25,NULL,NULL,NULL
1463,The Forgotten Song,1,2022-08-20,NULL,NULL,NULL
1464,hololive ondo,0,2022-08-21,15wG3R8mav5ikpYxamjcO8,NULL,NULL
1465,Niccori^^ Survey Team Theme,1,2022-08-19,NULL,NULL,NULL
1466,Suirenka,1,2022-08-21,NULL,NULL,NULL
1467,Tonde K! hololive summer,0,2022-08-18,7ciyuMD6SX6ndREw0j8q2v,NULL,NULL
1468,Rise,0,2022-08-23,1cVEHe09Vc8zvJItorpZ1r,NULL,NULL
1469,PolarisSoraris,0,2022-08-23,7MnMqyH96eiwTKQpfom4C9,NULL,NULL
1470,Epilogue in the Attic,0,2022-08-23,6YzFke7Pscxl3LW0UPway9,NULL,NULL
1471,Meltdown,1,2022-08-24,NULL,NULL,NULL
1472,Monster,1,2022-08-24,NULL,NULL,NULL
1473,Remote Control,1,2022-08-25,NULL,NULL,NULL
1474,Sparklers,0,2022-08-25,7zeROvjFOOGd6TubfyJcDT,NULL,NULL
1475,CREATION,1,2022-08-25,NULL,NULL,NULL
1476,A Million Miles Away,1,2022-08-27,NULL,NULL,NULL
1477,Odo,1,2022-08-26,NULL,NULL,NULL
1478,It comes Ryuuu And It goes Kyuu,0,2022-08-29,71Hql0UnvmdkjRKUJKtlUZ,NULL,NULL
1479,ours,0,2022-08-27,03flShMOMbZrk17SweOdLa,NULL,NULL
1480,INTERNET OVERDOSE,1,2022-08-29,NULL,NULL,NULL
1481,QUEEN,1,2022-08-30,NULL,NULL,NULL
1482,Gravity,0,2022-08-30,6KrlBBgMuT2zamvrRZn8IK,NULL,NULL
1483,Harmonia,1,2022-08-30,NULL,NULL,NULL
1484,7:22,2,2022-08-13,NULL,NULL,NULL
1485,"Happy Birthday, Kaela",0,2022-08-30,NULL,NULL,NULL
1486,Phoenix,1,2022-08-30,NULL,NULL,NULL
1487,Shiny Smily Story (2022 ver.),2,2022-08-31,3yPCSuup9ZmAvRuQZrKjC0,60,4
1488,summertime,1,2022-08-31,NULL,NULL,NULL
1489,Ikenai Taiyo,1,2022-08-31,NULL,NULL,NULL
1490,Neko,1,2021-06-12,NULL,NULL,NULL
1491,Mixed Nuts,1,2022-09-01,NULL,NULL,NULL
1492,NoDistance,0,2022-09-04,7EXlO9lFL07yLD79gjEeVX,NULL,NULL
1493,[A]ddiction,1,2022-09-06,NULL,NULL,NULL
1494,Akkanbe,0,2022-09-05,4H3CbpffoSJ0YvAcysYF9y,61,3
1495,Mogu Mogu YUMMY！ (POISONYA SYNDROME ver.),2,2022-09-06,2APCw2ZdDumK8vl6NZuBe8,61,1
1496,Grrr Grrr Tummy,0,2022-09-06,7hmhbX4kitvMWFBjbj8YN2,61,2
1497,PABO,0,2022-09-06,4kXLkL5kQUPMw7ujQTTO1t,61,4
1498,"adieu, Salauds (POISONYA SYNDROME ver.)",2,2022-09-06,2epigikraWW6bYITYR62ls,61,5
1499,Doku no Oujisama (POISONYA SYNDROME ver.),2,2022-09-06,5NhkRe0IhDIsYfHMGgU1d4,61,6
1500,KAMISAMA・NEKOSAMA,0,2022-09-06,1L7LmsmcmYuapj5EIMzQjk,61,7
1501,Swallow the venom (POISONYA SYNDROME ver.),2,2022-09-06,28jPf8rXTGbjvNFT9p3h93,61,8
1502,kohakutou,0,2022-09-06,2dKwoibhZbrxOOgvi2IQLl,61,9
1503,DETABARECAT (POISONYA SYNDROME ver.),2,2022-09-06,1EQqDKvU00CJE3CQoFBqbc,61,10
1504,Lazyroop,0,2022-09-06,1H0V3JFp7DF3k5fCM9ier4,61,11
1505,ORANGE PARADE (feat. Inugami Korone),0,2022-09-06,2JoN55H0713j8D4PlGXgK4,61,12
1506,Tonde K! hololive summer,4,2022-09-01,3Nw9uAW50HjSrbEGmzMHPW,60,1
1507,hololive ondo,4,2022-09-01,42RDvesRBkwmhZeHeV1fTv,60,2
1508,Sparklers,4,2022-09-01,29zXk3bGDY1ITnOYrJOVrk,60,3
1509,Carnivorous Plant,1,2022-09-06,NULL,NULL,NULL
1510,Pittoshite! Marmalade,0,2022-09-07,5XPDCgiqYTuxr0JpiPCSiL,62,1
1511,Seesaw Game,0,2021-09-08,1X36cGzWoBNaa7yeScfERj,NULL,NULL
1512,Yozora no tonaride,0,2022-09-09,1XPVyENVH20P95QxKXtgJX,NULL,NULL
1513,Illusion Night,0,2022-09-09,6mFlMpy9D8JfczjEkwMHA2,NULL,NULL
1514,Yumezora Fanfare,0,2022-09-07,3zVpIedCwbk7QnLojv6fS9,62,2
1515,Logo Badge,0,2022-09-07,5WvLivBWGD0XInv5AVqjKG,62,3
1516,Hane o Te ni Shite,0,2022-09-07,62svzmLuDuhuIPHedwHjnT,62,4
1517,Kara no Sora,0,2022-09-07,1GUdmWuzPm89OMpNNSaMGW,62,5
1518,Egonade Labyrinth,0,2022-09-07,5bh1pKeRrnNHLaeQX1Ee8y,62,6
1519,Electrical Surfing,0,2022-09-07,6e1U1qOUM6RiPF1PP9UZUi,62,7
1520,Digitalic Lyric,0,2022-09-07,6t31fSNgH1VJSEChLtWa7s,62,8
1521,Tasogare Midnight,0,2022-09-07,4pYj5LpwrfeQ6L5m8NYJ0H,62,9
1522,Mary Sweet,0,2022-09-07,2lPOsx8O0e7a4MXsW7D1kB,62,10
1523,Sora no Toki,4,2022-09-07,0NtD0m6sSmHjyz8mcwyKaz,62,11
1524,PolarisSoraris,4,2022-09-07,7tt808bp80CZ86plNYRxcR,62,12
1525,QUEEN,1,2022-09-10,NULL,NULL,NULL
1526,You are Kranken,1,2022-09-11,NULL,NULL,nULL
1527,The World's Continuation,1,2022-09-12,NULL,NULL,NULL
1528,snooze,1,2022-09-12,NULL,NULL,NULL
1529,Walking in the Center of the World,1,2021-09-23,NULL,NULL,NULL
1530,Moonlightspeed,3,2022-09-14,4Gox9VmEn1tc2j4AAu8LHp,NULL,NULL
1531,KING,1,2022-09-15,NULL,NULL,NULL
1532,Kagome,1,2022-09-15,NULL,NULL,NULL
1533,A Day After the Festival,1,2022-09-16,NULL,NULL,NULL
1534,Perisai Jitu,0,2022-11-25,64hE5eKQoQXU1qcSZ5vPuk,NULL,NULL
1535,Non-breath oblige,1,2022-09-15,NULL,NULL,NULL
1536,Animal,1,2022-09-16,NULL,NULL,NULL
1537,Android Girl,1,2022-09-17,NULL,NULL,NULL
1538,DO U,0,2022-09-19,6W5fk1QVerxjtUVnVSbamG,NULL,NULL
1539,day by days,1,2022-09-20,NULL,NULL,NULL
1540,Hikaru Nara,1,2022-09-20,NULL,NULL,NULL
1541,HOLLOW HUNGER,1,2022-09-20,NULL,NULL,NULL
1542,Ready Steady,1,2022-09-21,NULL,NULL,NULL
1543,Reaper vs. Sheep -Ouen ver.-,0,2022-07-21,71ybgqrTU6tNHqwk0TqKpl,NULL,NULL
1544,Reaper vs. Sheep -Kenko ver.-,0,2022-09-23,0oJcE4xU4tQYc5BAeagg5E,NULL,NULL
1545,canopus,0,2022-09-24,2X5tuBTH56vzj9L7njFHPl,65,3
1546,Hitorigotsu,1,2022-09-24,NULL,NULL,NULL
1547,Non-Fiction,0,2022-09-30,3jxT5xRKwBkB7WBtj4Mehg,NULL,NULL
1548,id:entity voices,1,2022-09-28,NULL,NULL,NULL
1549,Kapuine addiction,0,2022-09-30,38Y0baagSTmSKhkPSmGgYs,NULL,NULL
1550,Kusare-gedou and Chocolate,1,2022-09-29,NULL,NULL,NULL
1551,Snow Man,1,2022-09-29,NULL,NULL,NULL
1552,"Love me, Love me, Love me",1,2022-09-30,NULL,NULL,NULL
1553,Last Sparkle,0,2022-09-30,4OXk1uiqFZygfC9H1JyE5T,NULL,NULL
1554,flower,1,2022-10-01,NULL,NULL,NULL
1555,Gira Gira,1,2022-10-01,NULL,NULL,NULL
1556,Honey Moon Un Deux Trois,1,2022-10-01,NULL,NULL,NULL
1557,Night Light Side,0,2022-09-25,1ckiN3P5qyzgvEb1LD1qMB,NULL,NULL
1558,Bug,1,2022-10-01,NULL,NULL,NULL
1559,Shikabanese,1,2022-09-28,NULL,NULL,NULL
1560,KONKON Beats,0,2022-10-05,2QPzxEJMyyNAwNStemSrCz,NULL,NULL
1561,Lower one's eyes,1,2022-10-07,NULL,NULL,NULL
1562,Compass,0,2022-10-08,0HoZSI3QqA2SCiAtYwO7ht,NULL,NULL
1563,We are the HOLOSTARS!!,0,2022-10-08,NULL,NULL,NULL
1564,Zombies,1,2022-10-09,NULL,NULL,NULL
1565,Cinderella (Giga First Night Remix),1,2022-10-10,NULL,NULL,NULL
1566,Round and Round and CircLuna,0,2022-10-10,3cNaUfmhgYJmBAdcD5qOVu,NULL,NULL
1567,Pomp and Circumstance,1,2022-10-14,NULL,NULL,NULL
1568,QUEEN,1,2022-10-16,NULL,NULL,NULL
1569,Overdose,1,2022-10-21,NULL,NULL,NULL
1570,QUEEN,1,2022-10-21,NULL,NULL,NULL
1571,Bug,1,2022-10-22,NULL,NULL,NULL
1572,Escape From The City,1,2022-10-22,NULL,NULL,NULL
1573,Cassiopeia,3,2022-10-20,NULL,NULL,NULL
1574,Ring-A-Linger,0,2022-10-22,6FRT7LjNBcmOEpQVwPOWhx,NULL,NULL
1575,Strange,1,2022-10-22,NULL,NULL,NULL
1576,sen no yoru wo koete,1,2022-10-24,NULL,NULL,NULL
1577,Loveletter,1,2022-10-27,NULL,NULL,NULL
1578,3104,0,2022-10-27,6dU4LEtSPPdm5njBa8XmPo,NULL,NULL
1579,MIRA,1,2022-10-28,NULL,NULL,NULL
1580,Love Words IV,1,2022-10-28,NULL,NULL,NULL
1581,Bad ∞ End ∞ Night,1,2022-10-29,NULL,NULL,NULL
1582,Reincarnation Apple,1,2022-10-28,NULL,NULL,NULL
1583,Comet,1,2022-10-28,NULL,NULL,NULL
1584,equal,0,2022-10-29,3U3MvWfsEdHOyRnqySZ1QR,65,4
1585,Zombies,1,2022-10-29,NULL,NULL,NULL
1586,Cute na Kanojo,1,2022-10-30,NULL,NULL,NULL
1587,Daishikyu Daishuki,1,2022-10-30,NULL,NULL,NULL
1588,4BLOOD,1,2022-10-31,NULL,NULL,NULL
1589,Venom,1,2022-10-30,NULL,NULL,NULL
1590,I'm Greedy,0,2022-10-31,0fAsMU3MwXLoXzXsyByqKh,NULL,NULL
1591,Jackpot Sad Girl,1,2022-10-31,NULL,NULL,NULL
1592,Black Cherry,1,2022-11-02,NULL,NULL,NULL
1593,Myth or Treat (Japanese Ver.),0,2022-10-31,NULL,NULL,NULL
1594,syakunetsu nite junjou(wii-wii-woo),0,2022-11-04,2gAWJTuZ7W4MBzGX1E7pH7,NULL,NULL
1595,Nagareboshi KiraKira （Twinkle Star Magic☆ ver.）,,2022-11-01,6dD52h8mELgBDpXxHisDFK,64,1
1596,Caramel Devil （Twinkle Star Magic☆ ver.）,,2022-11-01,29kBpv9bxF9YUY6cSqGVIL,64,2
1597,Chew the Night☆Sky （Twinkle Star Magic☆ ver.）,,2022-11-01,7snwgcBxBvEZuviZjpvheu,64,3
1598,Kapu Kapu Fever Night,,2022-11-01,0NXP8cuCQp64W1IjIcFD2w,64,4
1599,Show Stopper,,2022-11-01,2GRPSsONRoDIhzVdzd2P2b,64,5
1600,L.T.M.,,2022-11-01,00sEZGHuXMhds0chbengxe,64,6
1601,Akakunaranaide （Twinkle Star Magic☆ ver.）,,2022-11-01,623X5uTx1bD9oZsk8OQnvu,64,7
1602,Yozora no tonaride （Twinkle Star Magic☆ ver.）,,2022-11-01,3DfjNxloecVKwJKdC70Nu3,64,8
1603,Kapuine addiction （Twinkle Star Magic☆ ver.）,,2022-11-01,4uC0kVus7ndJwXS2AlUViW,64,9
1604,Chew the Night Sky-Trick or Swing Mix-,,2022-11-01,7m4UKOoLLAfYVC1VkJYeeV,64,10
1605,What's Inside,1,2022-11-05,NULL,NULL,NULL
1606,Meikyuu Love Song,1,2022-10-31,NULL,NULL,NULL
1607,Cruel Angel's Thesis,1,2022-11-07,NULL,NULL,NULL
1608,Gyutto (Bossa Nova),2,2022-11-08,NULL,NULL,NULL
1609,Someday in that Summer,1,2022-11-09,NULL,NULL,NULL
1610,Happy☆Fever! hololive,0,2022-11-06,0OA4EWELZqPsKegxAWtsnD,NULL,NULL
1611,Ohedo Julia-Night,1,2022-11-10,NULL,NULL,NULL
1612,Flight!!!,0,2022-11-11,19zw8TUqKVbHKebyy7sEyZ,NULL,NULL
1613,God-ish,1,2022-04-22,NULL,NULL,NULL
1614,Shisulove,1,2022-11-17,NULL,NULL,NULL
1615,Chinokate,1,2022-11-17,NULL,NULL,NULL
1616,QUEEN,1,2022-11-15,NULL,NULL,NULL
1617,Moment of my life,0,2022-11-17,2d8Mek4dqvf097NhZpt5Te,NULL,NULL
1618,QUEEN,1,2022-11-19,NULL,NULL,NULL
1619,Creating world (Acoustic Ver.),2,2022-11-15,NULL,65,0
1620,starlight,0,2022-11-20,0nK3xYevtvYa6VSMQB8sIU,NULL,NULL
1621,My Happy Transmission,0,2022-11-20,1BXMWlFJiHxnLfX37aczCP,NULL,NULL
1622,Dark Breath,0,2022-11-26,3vzNNLq02UFG47nzTWVA2u,NULL,NULL
1623,NEZUMI Scheme,0,2022-11-21,7IWwWWak1Ebp7ni7PTfhMx,NULL,NULL
1624,Ke sera sora!,0,2022-09-07,5mw1YT1tIFPwlBwUl9WZdL,NULL,NULL
1625,Happy,0,2022-11-24,1tyRY0OnK0vBetycgzZ1Pt,NULL,NULL
1626,4th Anniversary Special Medley,2,2022-11-20,NULL,NULL,NULL
1627,oath sign,1,2022-11-25,NULL,NULL,NULL
1628,QUEEN,1,2022-11-26,NULL,NULL,NULL
1629,Hanamaru Pippi wa Yoiko Dake,1,2022-11-26,NULL,NULL,NULL
1630,TSUBASA,0,2022-11-27,7ee7DR2Xqr7RbW69vu7q8K,NULL,NULL
1631,Ego Rock,1,2022-11-27,NULL,NULL,NULL
1632,Girls seeks Q.E.D.,0,2022-11-28,2xWqYDIQ9ECdnWZHUTxFFC,NULL,NULL
1633,Chinokate,1,2022-11-29,NULL,NULL,NULL
1634,My R,1,2022-11-29,NULL,NULL,NULL
1635,IrohaStep!,0,2022-11-30,5K1HM4IzeA9Q0g55ShXOrI,NULL,NULL
1636,Sayonara wa Mada,0,2022-11-30,2DXCw7JlDWxT2q4IoPpzoZ,NULL,NULL
1637,Lensgoshi no keshiki,1,2022-11-30,NULL,NULL,NULL
1638,Hyoriittai,1,2022-12-01,NULL,NULL,NULL
1639,Let me be your SAIOSHI！,0,2022-12-02,6nAMTD4NB121yF4RKeCdVv,NULL,NULL
1640,Rhapsody of Blue Sky,1,2022-12-02,NULL,NULL,NULL
1641,Sakura Rock,1,2022-11-30,NULL,NULL,NULL
1642,Poison Apple,1,2022-12-03,NULL,NULL,NULL
1643,DOKUZU,1,2022-12-05,NULL,NULL,NULL
1644,Jouya Repaint,0,2022-12-04,12Ns8gkf9bMEd0ABZMZLx7,NULL,NULL
1645,Gira Gira,1,2022-10-27,NULL,NULL,NULL
1646,Akuma no Ko,1,2022-11-16,NULL,NULL,NULL
1647,Non-breath oblige,1,2022-12-07,NULL,NULL,NULL
1648,Yakou Tsuushinn,0,2022-12-07,2VVdLm4HpmTjkxCjqniHL8,NULL,NULL
1649,Kibun Jou Jou,1,2022-12-07,NULL,NULL,NULL
1650,Namae wo Yobu yo,1,2022-12-07,NULL,NULL,NULL
1651,i want my coffee,0,2022-12-08,NULL,NULL,NULL
1652,Just Follow Stars (Music Box Arrangement),2,2022-12-08,NULL,NULL,NULL
1653,Animal,1,2022-12-08,NULL,NULL,NULL
1654,Jingle Bells,1,2022-12-09,NULL,NULL,NULL
1655,IJIMEKKO Bully,1,2022-12-11,NULL,NULL,NULL
1656,Byoushin wo Kamu,1,2022-12-03,NULL,NULL,NULL
1657,Darling Dance,1,2022-12-09,NULL,NULL,NULL
1658,Hatsukoi Cider,1,2022-12-12,NULL,NULL,NULL
1659,Happy!,1,2022-12-12,NULL,NULL,NULL
1660,YumeHanabi,0,2022-12-13,3lAULqrCmK360fnm6JCM6P,NULL,NULL
1661,Kira Killer,0,2022-12-15,2ZaTpgdhU8MKpiujnBGPoa,NULL,NULL
1662,Rokutouseino Yoru,1,2022-12-10,NULL,NULL,NULL
1663,Fuyu Biyori,1,2022-12-14,NULL,NULL,NULL
1664,FIRE,1,2022-12-10,NULL,NULL,NULL
1665,Taste of Death,0,2022-12-15,5SjhgsZnYxlW196A4mhyY9,66,1
1666,"Wanted, Wasted",0,2022-12-15,7aDrJbO2oxuEKG9HMehSON,66,2
1667,I’m Greedy,0,2022-12-15,0JrUTFIcxNB6qs2FgSYiS9,66,3
1668,Internet Brain Rot,0,2022-12-15,1PcJs1tEcLajTlL8SEAjos,66,4
1669,NEZUMI Scheme,0,2022-12-15,0wcbWLz1kTgL0kb2y6Rh3U,66,5
1670,soul food,0,2022-12-15,4ijPgRq7mi8WQNtH3W8ZlD,66,6
1671,CRINGECORE,0,2022-12-15,0usGbh8Z3eIu04sOKjqO9C,66,7
1672,Dance Past Midnight,0,2022-12-15,6bI6To4KlW4oqQiUwoBN0Z,66,8
1673,Death Sentence,0,2022-12-15,5I507ZS0IN8SUK8NZRUszh,66,9
1674,glass slipper,0,2022-12-15,0BTFMFqeybee11L7hO7Hi6,66,10
1675,#ChouzetsuOishii,3,2022-12-09,NULL,NULL,NULL
1676,Witches Chant in the Town,1,2022-12-09,NULL,NULL,NULL
1677,MerryChri,1,2022-12-17,NULL,NULL,NULL
1678,Homura,1,2022-12-10,NULL,NULL,NULL
1679,Our and Your Song,0,2022-12-25,41CTirNUdvxi1wrIW0ZkfM,NULL,NULL
1680,soirée,0,2022-12-19,7dbAKZNlWhIdmmINkHeKL7,NULL,NULL
1681,Snow halation,1,2022-12-22,NULL,NULL,NULL
1682,Indoor Kei nara Trackmaker,1,2022-12-18,NULL,NULL,NULL
1683,Suki! Yuki! Honki Magic,1,2022-12-23,NULL,NULL,NULL
1684,Lip-Sync,0,2022-12-20,3TtD1BqVtgRxIVIfvPKYng,NULL,NULL
1685,Holy Night,1,2022-12-24,NULL,NULL,NULL
1686,A Very Magging Holidez: Christmas Song Cover Medley,2,2022-12-24,NULL,NULL,NULL
1687,A.scort,0,2022-12-24,2rZA8qsgsljVNIeAQOWtVG,NULL,NULL
1688,ERROR,1,2022-11-05,NULL,NULL,NULL
1689,Blooming in the Mud,1,2022-12-25,NULL,NULL,NULL
1690,Pittari Shitai X'mas!,1,2022-12-25,NULL,NULL,NULL
1691,Junky Night Town Orchestra,1,2022-12-26,NULL,NULL,NULL
1692,Hitori No Yoru,1,2022-11-12,NULL,NULL,NULL
1693,Betsu Sekai,0,2022-12-27,2y2jRbsSZ9KP4wvc4uxE1c,NULL,NULL
1694,Junky Night Town Orchestra,1,2022-11-05,NULL,NULL,NULL
1695,Rideau,1,2022-12-29,NULL,NULL,NULL
1696,KICKBACK,1,2022-12-29,NULL,NULL,NULL
1697,Phantom thief,1,2022-11-19,NULL,NULL,NULL
1698,identity,1,2022-12-30,NULL,NULL,NULL
1699,Kawaikute Gomen,1,2022-12-30,NULL,NULL,NULL
1700,Dreamy sheep,4,2022-12-30,NULL,68,1
1701,Kimiiro Hanamizuki,4,2022-12-30,NULL,68,2
1702,Happy day to you!,0,2022-12-29,NULL,68,3
1703,ZenjinruiUsagikakeikaku!,0,2023-01-01,0dFa0vY6D3O844y7a1laFI,NULL,NULL
1704,OTOME NO SUSUME♡!,0,2023-01-03,3mIzoVIFjq4gXjcvRncYLI,NULL,NULL
1705,hololive shuffle medley,2,2022-12-31,NULL,NULL,NULL
1706,QUEEN,1,2023-01-03,NULL,NULL,NULL
1707,calming rain,0,2023-01-01,NULL,NULL,NULL
1708,7th World: Always with you,3,2022-12-30,NULL,NULL,NULL
1709,Planet Loop,1,2022-11-25,NULL,NULL,NULL
1710,Overdose,1,2022-12-30,NULL,NULL,NULL
1711,LUVORATORRRRRY!,1,2023-01-01,NULL,NULL,NULL
1712,Bakushou,1,2023-01-05,NULL,NULL,NULL
1713,Bakushou,1,2021-06-22,NULL,NULL,NULL